﻿Zaman Damgası,Kaynak (Terminal),Olay Tipi,Detay/Değer,Durum
2025-12-21 04:43:02,CSMS,Bağlantı,Yeni CP Bağlandı,Info
2025-12-21 04:43:04,CSMS,Şarj Başlatma,Transaction ID: 101,Success
2025-12-21 04:43:04,CSMS,Enerji Tüketimi,2025 Wh,Info
2025-12-21 04:43:11,CSMS,Şarj Başlatma,Transaction ID: 102,Success
2025-12-21 04:43:11,CSMS,Enerji Tüketimi,2025 Wh,Info
2025-12-21 04:43:18,CSMS,Şarj Başlatma,Transaction ID: 103,Success
2025-12-21 04:43:18,CSMS,Enerji Tüketimi,2025 Wh,Info
2025-12-21 04:43:25,CSMS,Şarj Başlatma,Transaction ID: 104,Success
2025-12-21 04:43:25,CSMS,Enerji Tüketimi,2025 Wh,Info
2025-12-21 04:43:32,CSMS,Şarj Başlatma,Transaction ID: 105,Success
2025-12-21 04:43:33,CSMS,Enerji Tüketimi,2025 Wh,Info
2025-12-21 04:43:39,CSMS,Şarj Başlatma,Transaction ID: 106,Success
2025-12-21 04:43:40,CSMS,Enerji Tüketimi,2025 Wh,Info
2025-12-21 04:43:46,CSMS,Şarj Başlatma,Transaction ID: 107,Success
2025-12-21 04:43:47,CSMS,Enerji Tüketimi,2025 Wh,Info
2025-12-21 04:43:53,CSMS,Şarj Başlatma,Transaction ID: 108,Success
2025-12-21 04:43:54,CSMS,Enerji Tüketimi,2025 Wh,Info
2025-12-21 04:44:00,CSMS,Şarj Başlatma,Transaction ID: 109,Success
2025-12-21 04:44:01,CSMS,Enerji Tüketimi,2025 Wh,Info
2025-12-21 04:44:07,CSMS,Şarj Başlatma,Transaction ID: 110,Success
2025-12-21 04:44:08,CSMS,Enerji Tüketimi,2025 Wh,Info
2025-12-21 04:44:14,CSMS,Şarj Başlatma,Transaction ID: 111,Success
2025-12-21 04:44:15,CSMS,Enerji Tüketimi,2025 Wh,Info
2025-12-21 04:44:21,CSMS,Şarj Başlatma,Transaction ID: 112,Success
2025-12-21 04:44:22,CSMS,Enerji Tüketimi,2025 Wh,Info
2025-12-21 04:44:28,CSMS,Şarj Başlatma,Transaction ID: 113,Success
2025-12-21 04:44:29,CSMS,Enerji Tüketimi,2025 Wh,Info
2025-12-21 04:44:35,CSMS,Şarj Başlatma,Transaction ID: 114,Success
2025-12-21 04:44:36,CSMS,Enerji Tüketimi,2025 Wh,Info
2025-12-21 04:44:42,CSMS,Şarj Başlatma,Transaction ID: 115,Success
2025-12-21 04:44:42,CSMS,Bağlantı,Yeni CP Bağlandı,Info
2025-12-21 04:44:42,CSMS,GÜVENLİK,Zaman Anomalisi Tespit Edildi!,CRITICAL
2025-12-21 04:44:43,CSMS,Enerji Tüketimi,2025 Wh,Info
2025-12-21 04:44:43,CSMS,Şarj Başlatma,Transaction ID: 101,Success
2025-12-21 04:44:49,CSMS,Şarj Başlatma,Transaction ID: 116,Success
2025-12-21 04:44:50,CSMS,Enerji Tüketimi,2025 Wh,Info
2025-12-21 04:44:50,CSMS,Şarj Başlatma,Transaction ID: 102,Success
2025-12-21 04:44:56,CSMS,Şarj Başlatma,Transaction ID: 117,Success
2025-12-21 04:44:57,CSMS,Enerji Tüketimi,2025 Wh,Info
2025-12-21 04:44:57,CSMS,Şarj Başlatma,Transaction ID: 103,Success
2025-12-21 04:45:03,CSMS,Şarj Başlatma,Transaction ID: 118,Success
2025-12-21 04:45:04,CSMS,Enerji Tüketimi,2025 Wh,Info
2025-12-21 04:45:04,CSMS,Şarj Başlatma,Transaction ID: 104,Success
2025-12-21 04:45:10,CSMS,Şarj Başlatma,Transaction ID: 119,Success
2025-12-21 04:45:11,CSMS,Enerji Tüketimi,2025 Wh,Info
2025-12-21 04:45:11,CSMS,Şarj Başlatma,Transaction ID: 105,Success
2025-12-21 04:45:17,CSMS,Şarj Başlatma,Transaction ID: 120,Success
2025-12-21 04:45:18,CSMS,Enerji Tüketimi,2025 Wh,Info
2025-12-21 04:45:18,CSMS,Şarj Başlatma,Transaction ID: 106,Success
2025-12-21 04:45:24,CSMS,Şarj Başlatma,Transaction ID: 121,Success
2025-12-21 04:45:25,CSMS,Enerji Tüketimi,2025 Wh,Info
2025-12-21 04:45:25,CSMS,Şarj Başlatma,Transaction ID: 107,Success
2025-12-21 04:45:31,CSMS,Şarj Başlatma,Transaction ID: 122,Success
2025-12-21 04:45:32,CSMS,Enerji Tüketimi,2025 Wh,Info
2025-12-21 04:45:32,CSMS,Şarj Başlatma,Transaction ID: 108,Success
2025-12-21 04:45:38,CSMS,Şarj Başlatma,Transaction ID: 123,Success
2025-12-21 04:45:39,CSMS,Enerji Tüketimi,2025 Wh,Info
2025-12-21 04:45:39,CSMS,Şarj Başlatma,Transaction ID: 109,Success
2025-12-21 04:45:45,CSMS,Şarj Başlatma,Transaction ID: 124,Success
2025-12-21 04:45:46,CSMS,Enerji Tüketimi,2025 Wh,Info
2025-12-21 04:45:46,CSMS,Şarj Başlatma,Transaction ID: 110,Success
2025-12-21 04:45:52,CSMS,Şarj Başlatma,Transaction ID: 125,Success
2025-12-21 04:45:53,CSMS,Enerji Tüketimi,2025 Wh,Info
2025-12-21 04:45:53,CSMS,Şarj Başlatma,Transaction ID: 111,Success
2025-12-21 04:45:59,CSMS,Şarj Başlatma,Transaction ID: 126,Success
2025-12-21 04:46:00,CSMS,Enerji Tüketimi,2025 Wh,Info
2025-12-21 04:46:00,CSMS,Şarj Başlatma,Transaction ID: 112,Success
2025-12-21 04:46:07,CSMS,Şarj Başlatma,Transaction ID: 127,Success
2025-12-21 04:46:07,CSMS,Enerji Tüketimi,2025 Wh,Info
2025-12-21 04:46:07,CSMS,Şarj Başlatma,Transaction ID: 113,Success
2025-12-21 04:46:14,CSMS,Şarj Başlatma,Transaction ID: 128,Success
2025-12-21 04:46:14,CSMS,Enerji Tüketimi,2025 Wh,Info
2025-12-21 04:46:14,CSMS,Şarj Başlatma,Transaction ID: 114,Success
2025-12-21 04:46:21,CSMS,Şarj Başlatma,Transaction ID: 129,Success
2025-12-21 04:46:21,CSMS,Enerji Tüketimi,2025 Wh,Info
2025-12-21 04:46:22,CSMS,Şarj Başlatma,Transaction ID: 115,Success
2025-12-21 04:46:28,CSMS,Şarj Başlatma,Transaction ID: 130,Success
2025-12-21 04:46:28,CSMS,Enerji Tüketimi,2025 Wh,Info
2025-12-21 04:46:29,CSMS,Şarj Başlatma,Transaction ID: 116,Success
2025-12-21 04:46:35,CSMS,Şarj Başlatma,Transaction ID: 131,Success
2025-12-21 04:46:35,CSMS,Enerji Tüketimi,2025 Wh,Info
2025-12-21 04:46:36,CSMS,Şarj Başlatma,Transaction ID: 117,Success
2025-12-21 04:46:42,CSMS,Şarj Başlatma,Transaction ID: 132,Success
2025-12-21 04:46:42,CSMS,Enerji Tüketimi,2025 Wh,Info
2025-12-21 04:46:43,CSMS,Şarj Başlatma,Transaction ID: 118,Success
2025-12-21 04:46:49,CSMS,Şarj Başlatma,Transaction ID: 133,Success
2025-12-21 04:46:49,CSMS,Enerji Tüketimi,2025 Wh,Info
2025-12-21 04:46:50,CSMS,Şarj Başlatma,Transaction ID: 119,Success
2025-12-21 04:46:56,CSMS,Şarj Başlatma,Transaction ID: 134,Success
2025-12-21 04:46:56,CSMS,Enerji Tüketimi,2025 Wh,Info
2025-12-21 04:46:57,CSMS,Şarj Başlatma,Transaction ID: 120,Success
2025-12-21 04:47:03,CSMS,Şarj Başlatma,Transaction ID: 135,Success
2025-12-21 04:47:03,CSMS,Enerji Tüketimi,2025 Wh,Info
2025-12-21 04:47:04,CSMS,Şarj Başlatma,Transaction ID: 121,Success
2025-12-21 04:47:10,CSMS,Şarj Başlatma,Transaction ID: 136,Success
2025-12-21 04:47:10,CSMS,Enerji Tüketimi,2025 Wh,Info
2025-12-21 04:47:11,CSMS,Şarj Başlatma,Transaction ID: 122,Success
2025-12-21 04:47:17,CSMS,Şarj Başlatma,Transaction ID: 137,Success
2025-12-21 04:47:17,CSMS,Enerji Tüketimi,2025 Wh,Info
2025-12-21 04:47:18,CSMS,Şarj Başlatma,Transaction ID: 123,Success
2025-12-21 04:47:24,CSMS,Şarj Başlatma,Transaction ID: 138,Success
2025-12-21 04:47:24,CSMS,Enerji Tüketimi,2025 Wh,Info
2025-12-21 04:47:25,CSMS,Şarj Başlatma,Transaction ID: 124,Success
2025-12-21 04:47:31,CSMS,Şarj Başlatma,Transaction ID: 139,Success
2025-12-21 04:47:31,CSMS,Enerji Tüketimi,2025 Wh,Info
2025-12-21 04:47:32,CSMS,Şarj Başlatma,Transaction ID: 125,Success
2025-12-21 04:47:38,CSMS,Şarj Başlatma,Transaction ID: 140,Success
2025-12-21 04:47:38,CSMS,Enerji Tüketimi,2025 Wh,Info
2025-12-21 04:47:39,CSMS,Şarj Başlatma,Transaction ID: 126,Success
2025-12-21 04:47:45,CSMS,Şarj Başlatma,Transaction ID: 141,Success
2025-12-21 04:47:45,CSMS,Enerji Tüketimi,2025 Wh,Info
2025-12-21 04:47:46,CSMS,Şarj Başlatma,Transaction ID: 127,Success
2025-12-21 04:47:52,CSMS,Şarj Başlatma,Transaction ID: 142,Success
2025-12-21 04:47:52,CSMS,Enerji Tüketimi,2025 Wh,Info
2025-12-21 04:47:53,CSMS,Şarj Başlatma,Transaction ID: 128,Success
2025-12-21 04:47:59,CSMS,Şarj Başlatma,Transaction ID: 143,Success
2025-12-21 04:47:59,CSMS,Enerji Tüketimi,2025 Wh,Info
2025-12-21 04:48:00,CSMS,Şarj Başlatma,Transaction ID: 129,Success
2025-12-21 04:48:06,CSMS,Şarj Başlatma,Transaction ID: 144,Success
2025-12-21 04:48:06,CSMS,Enerji Tüketimi,2025 Wh,Info
2025-12-21 04:48:07,CSMS,Şarj Başlatma,Transaction ID: 130,Success
2025-12-21 04:48:13,CSMS,Şarj Başlatma,Transaction ID: 145,Success
2025-12-21 04:48:13,CSMS,Enerji Tüketimi,2025 Wh,Info
2025-12-21 04:48:14,CSMS,Şarj Başlatma,Transaction ID: 131,Success
2025-12-21 04:48:20,CSMS,Şarj Başlatma,Transaction ID: 146,Success
2025-12-21 04:48:20,CSMS,Enerji Tüketimi,2025 Wh,Info
2025-12-21 04:48:21,CSMS,Şarj Başlatma,Transaction ID: 132,Success
2025-12-21 04:48:27,CSMS,Şarj Başlatma,Transaction ID: 147,Success
2025-12-21 04:48:28,CSMS,Enerji Tüketimi,2025 Wh,Info
2025-12-21 04:48:28,CSMS,Şarj Başlatma,Transaction ID: 133,Success
2025-12-21 04:48:34,CSMS,Şarj Başlatma,Transaction ID: 148,Success
2025-12-21 04:48:35,CSMS,Enerji Tüketimi,2025 Wh,Info
2025-12-21 04:48:35,CSMS,Şarj Başlatma,Transaction ID: 134,Success
2025-12-21 04:48:41,CSMS,Şarj Başlatma,Transaction ID: 149,Success
2025-12-21 04:48:42,CSMS,Enerji Tüketimi,2025 Wh,Info
2025-12-21 04:48:42,CSMS,Şarj Başlatma,Transaction ID: 135,Success
2025-12-21 04:48:48,CSMS,Şarj Başlatma,Transaction ID: 150,Success
2025-12-21 04:48:49,CSMS,Enerji Tüketimi,2025 Wh,Info
2025-12-21 04:48:49,CSMS,Şarj Başlatma,Transaction ID: 136,Success
2025-12-21 04:48:55,CSMS,Şarj Başlatma,Transaction ID: 151,Success
2025-12-21 04:48:56,CSMS,Enerji Tüketimi,2025 Wh,Info
2025-12-21 04:48:56,CSMS,Şarj Başlatma,Transaction ID: 137,Success
2025-12-21 04:49:02,CSMS,Şarj Başlatma,Transaction ID: 152,Success
2025-12-21 04:49:03,CSMS,Enerji Tüketimi,2025 Wh,Info
2025-12-21 04:49:03,CSMS,Şarj Başlatma,Transaction ID: 138,Success
2025-12-21 04:49:09,CSMS,Şarj Başlatma,Transaction ID: 153,Success
2025-12-21 04:49:10,CSMS,Enerji Tüketimi,2025 Wh,Info
2025-12-21 04:49:10,CSMS,Şarj Başlatma,Transaction ID: 139,Success
2025-12-21 04:49:16,CSMS,Şarj Başlatma,Transaction ID: 154,Success
2025-12-21 04:49:17,CSMS,Şarj Başlatma,Transaction ID: 140,Success
2025-12-21 04:49:17,CSMS,Enerji Tüketimi,2025 Wh,Info
2025-12-21 04:49:23,CSMS,Şarj Başlatma,Transaction ID: 155,Success
2025-12-21 04:49:24,CSMS,Şarj Başlatma,Transaction ID: 141,Success
2025-12-21 04:49:24,CSMS,Enerji Tüketimi,2025 Wh,Info
2025-12-21 04:49:30,CSMS,Şarj Başlatma,Transaction ID: 156,Success
2025-12-21 04:49:31,CSMS,Şarj Başlatma,Transaction ID: 142,Success
2025-12-21 04:49:31,CSMS,Enerji Tüketimi,2025 Wh,Info
2025-12-21 04:49:37,CSMS,Şarj Başlatma,Transaction ID: 157,Success
2025-12-21 04:49:38,CSMS,Şarj Başlatma,Transaction ID: 143,Success
2025-12-21 04:49:38,CSMS,Enerji Tüketimi,2025 Wh,Info
2025-12-21 04:49:44,CSMS,Şarj Başlatma,Transaction ID: 158,Success
2025-12-21 04:49:45,CSMS,Şarj Başlatma,Transaction ID: 144,Success
2025-12-21 04:49:45,CSMS,Enerji Tüketimi,2025 Wh,Info
2025-12-21 04:49:45,CSMS,Bağlantı,Yeni CP Bağlandı,Info
2025-12-21 04:49:45,CSMS,GÜVENLİK,Zaman Anomalisi Tespit Edildi!,CRITICAL
2025-12-21 04:49:46,CSMS,Şarj Başlatma,Transaction ID: 101,Success
2025-12-21 04:49:51,CSMS,Şarj Başlatma,Transaction ID: 159,Success
2025-12-21 04:49:52,CSMS,Şarj Başlatma,Transaction ID: 145,Success
2025-12-21 04:49:52,CSMS,Enerji Tüketimi,2025 Wh,Info
2025-12-21 04:49:53,CSMS,Şarj Başlatma,Transaction ID: 102,Success
2025-12-21 04:49:58,CSMS,Şarj Başlatma,Transaction ID: 160,Success
2025-12-21 04:49:59,CSMS,Şarj Başlatma,Transaction ID: 146,Success
2025-12-21 04:49:59,CSMS,Enerji Tüketimi,2025 Wh,Info
2025-12-21 04:50:00,CSMS,Şarj Başlatma,Transaction ID: 103,Success
2025-12-21 04:50:05,CSMS,Şarj Başlatma,Transaction ID: 161,Success
2025-12-21 04:50:06,CSMS,Şarj Başlatma,Transaction ID: 147,Success
2025-12-21 04:50:06,CSMS,Enerji Tüketimi,2025 Wh,Info
2025-12-21 04:50:07,CSMS,Şarj Başlatma,Transaction ID: 104,Success
2025-12-21 04:50:12,CSMS,Şarj Başlatma,Transaction ID: 162,Success
2025-12-21 04:50:13,CSMS,Şarj Başlatma,Transaction ID: 148,Success
2025-12-21 04:50:13,CSMS,Enerji Tüketimi,2025 Wh,Info
2025-12-21 04:50:14,CSMS,Şarj Başlatma,Transaction ID: 105,Success
2025-12-21 04:50:14,CSMS,Bağlantı,Yeni CP Bağlandı,Info
2025-12-21 04:50:14,CSMS,GÜVENLİK,Zaman Anomalisi Tespit Edildi!,CRITICAL
2025-12-21 04:50:15,CSMS,Şarj Başlatma,Transaction ID: 101,Success
2025-12-21 04:50:19,CSMS,Şarj Başlatma,Transaction ID: 163,Success
2025-12-21 04:50:20,CSMS,Şarj Başlatma,Transaction ID: 149,Success
2025-12-21 04:50:20,CSMS,Enerji Tüketimi,2025 Wh,Info
2025-12-21 04:50:21,CSMS,Şarj Başlatma,Transaction ID: 106,Success
2025-12-21 04:50:22,CSMS,Şarj Başlatma,Transaction ID: 102,Success
2025-12-21 04:50:26,CSMS,Şarj Başlatma,Transaction ID: 164,Success
2025-12-21 04:50:27,CSMS,Şarj Başlatma,Transaction ID: 150,Success
2025-12-21 04:50:27,CSMS,Enerji Tüketimi,2025 Wh,Info
2025-12-21 04:50:28,CSMS,Şarj Başlatma,Transaction ID: 107,Success
2025-12-21 04:50:29,CSMS,Şarj Başlatma,Transaction ID: 103,Success
2025-12-21 04:50:33,CSMS,Şarj Başlatma,Transaction ID: 165,Success
2025-12-21 04:50:34,CSMS,Şarj Başlatma,Transaction ID: 151,Success
2025-12-21 04:50:34,CSMS,Enerji Tüketimi,2025 Wh,Info
2025-12-21 04:50:35,CSMS,Şarj Başlatma,Transaction ID: 108,Success
2025-12-21 04:50:36,CSMS,Şarj Başlatma,Transaction ID: 104,Success
2025-12-21 04:50:40,CSMS,Şarj Başlatma,Transaction ID: 166,Success
2025-12-21 04:50:41,CSMS,Şarj Başlatma,Transaction ID: 152,Success
2025-12-21 04:50:41,CSMS,Enerji Tüketimi,2025 Wh,Info
2025-12-21 04:50:42,CSMS,Şarj Başlatma,Transaction ID: 109,Success
2025-12-21 04:50:43,CSMS,Şarj Başlatma,Transaction ID: 105,Success
2025-12-21 04:50:47,CSMS,Şarj Başlatma,Transaction ID: 167,Success
2025-12-21 04:50:48,CSMS,Şarj Başlatma,Transaction ID: 153,Success
2025-12-21 04:50:48,CSMS,Enerji Tüketimi,2025 Wh,Info
2025-12-21 04:50:49,CSMS,Şarj Başlatma,Transaction ID: 110,Success
2025-12-21 04:50:50,CSMS,Şarj Başlatma,Transaction ID: 106,Success
2025-12-21 04:50:55,CSMS,Şarj Başlatma,Transaction ID: 168,Success
2025-12-21 04:50:55,CSMS,Şarj Başlatma,Transaction ID: 154,Success
2025-12-21 04:50:55,CSMS,Enerji Tüketimi,2025 Wh,Info
2025-12-21 04:50:56,CSMS,Şarj Başlatma,Transaction ID: 111,Success
2025-12-21 04:50:58,CSMS,Şarj Başlatma,Transaction ID: 107,Success
2025-12-21 04:51:02,CSMS,Şarj Başlatma,Transaction ID: 169,Success
2025-12-21 04:51:02,CSMS,Şarj Başlatma,Transaction ID: 155,Success
2025-12-21 04:51:02,CSMS,Enerji Tüketimi,2025 Wh,Info
2025-12-21 04:51:03,CSMS,Şarj Başlatma,Transaction ID: 112,Success
2025-12-21 04:51:05,CSMS,Şarj Başlatma,Transaction ID: 108,Success
2025-12-21 04:51:09,CSMS,Şarj Başlatma,Transaction ID: 170,Success
2025-12-21 04:51:09,CSMS,Şarj Başlatma,Transaction ID: 156,Success
2025-12-21 04:51:09,CSMS,Enerji Tüketimi,2025 Wh,Info
2025-12-21 04:51:10,CSMS,Şarj Başlatma,Transaction ID: 113,Success
2025-12-21 04:51:12,CSMS,Şarj Başlatma,Transaction ID: 109,Success
2025-12-21 04:51:16,CSMS,Şarj Başlatma,Transaction ID: 171,Success
2025-12-21 04:51:16,CSMS,Şarj Başlatma,Transaction ID: 157,Success
2025-12-21 04:51:16,CSMS,Enerji Tüketimi,2025 Wh,Info
2025-12-21 04:51:17,CSMS,Şarj Başlatma,Transaction ID: 114,Success
2025-12-21 04:51:19,CSMS,Şarj Başlatma,Transaction ID: 110,Success
2025-12-21 04:51:23,CSMS,Şarj Başlatma,Transaction ID: 172,Success
2025-12-21 04:51:23,CSMS,Şarj Başlatma,Transaction ID: 158,Success
2025-12-21 04:51:23,CSMS,Enerji Tüketimi,2025 Wh,Info
2025-12-21 04:51:24,CSMS,Şarj Başlatma,Transaction ID: 115,Success
2025-12-21 04:51:26,CSMS,Şarj Başlatma,Transaction ID: 111,Success
2025-12-21 04:51:30,CSMS,Şarj Başlatma,Transaction ID: 173,Success
2025-12-21 04:51:30,CSMS,Şarj Başlatma,Transaction ID: 159,Success
2025-12-21 04:51:30,CSMS,Enerji Tüketimi,2025 Wh,Info
2025-12-21 04:51:31,CSMS,Şarj Başlatma,Transaction ID: 116,Success
2025-12-21 04:51:33,CSMS,Şarj Başlatma,Transaction ID: 112,Success
2025-12-21 04:51:37,CSMS,Şarj Başlatma,Transaction ID: 174,Success
2025-12-21 04:51:37,CSMS,Şarj Başlatma,Transaction ID: 160,Success
2025-12-21 04:51:37,CSMS,Enerji Tüketimi,2025 Wh,Info
2025-12-21 04:51:38,CSMS,Şarj Başlatma,Transaction ID: 117,Success
2025-12-21 04:51:39,CSMS,Bağlantı,Yeni CP Bağlandı,Info
2025-12-21 04:51:39,CSMS,GÜVENLİK,Zaman Anomalisi Tespit Edildi!,CRITICAL
2025-12-21 04:51:40,CSMS,Şarj Başlatma,Transaction ID: 113,Success
2025-12-21 04:51:40,CSMS,Şarj Başlatma,Transaction ID: 101,Success
2025-12-21 04:51:44,CSMS,Şarj Başlatma,Transaction ID: 175,Success
2025-12-21 04:51:44,CSMS,Şarj Başlatma,Transaction ID: 161,Success
2025-12-21 04:51:44,CSMS,Enerji Tüketimi,2025 Wh,Info
2025-12-21 04:51:45,CSMS,Şarj Başlatma,Transaction ID: 118,Success
2025-12-21 04:51:47,CSMS,Şarj Başlatma,Transaction ID: 114,Success
2025-12-21 04:51:47,CSMS,Şarj Başlatma,Transaction ID: 102,Success
2025-12-21 04:51:51,CSMS,Şarj Başlatma,Transaction ID: 176,Success
2025-12-21 04:51:51,CSMS,Şarj Başlatma,Transaction ID: 162,Success
2025-12-21 04:51:51,CSMS,Enerji Tüketimi,2025 Wh,Info
2025-12-21 04:51:52,CSMS,Şarj Başlatma,Transaction ID: 119,Success
2025-12-21 04:51:54,CSMS,Şarj Başlatma,Transaction ID: 115,Success
2025-12-21 04:51:54,CSMS,Şarj Başlatma,Transaction ID: 103,Success
2025-12-21 04:51:58,CSMS,Şarj Başlatma,Transaction ID: 177,Success
2025-12-21 04:51:58,CSMS,Şarj Başlatma,Transaction ID: 163,Success
2025-12-21 04:51:58,CSMS,Enerji Tüketimi,2025 Wh,Info
2025-12-21 04:51:59,CSMS,Şarj Başlatma,Transaction ID: 120,Success
2025-12-21 04:52:01,CSMS,Şarj Başlatma,Transaction ID: 116,Success
2025-12-21 04:52:01,CSMS,Şarj Başlatma,Transaction ID: 104,Success
2025-12-21 04:52:05,CSMS,Şarj Başlatma,Transaction ID: 178,Success
2025-12-21 04:52:05,CSMS,Şarj Başlatma,Transaction ID: 164,Success
2025-12-21 04:52:05,CSMS,Enerji Tüketimi,2025 Wh,Info
2025-12-21 04:52:06,CSMS,Şarj Başlatma,Transaction ID: 121,Success
2025-12-21 04:52:08,CSMS,Şarj Başlatma,Transaction ID: 117,Success
2025-12-21 04:52:08,CSMS,Şarj Başlatma,Transaction ID: 105,Success
2025-12-21 04:52:12,CSMS,Şarj Başlatma,Transaction ID: 179,Success
2025-12-21 04:52:12,CSMS,Şarj Başlatma,Transaction ID: 165,Success
2025-12-21 04:52:12,CSMS,Enerji Tüketimi,2025 Wh,Info
2025-12-21 04:52:13,CSMS,Şarj Başlatma,Transaction ID: 122,Success
2025-12-21 04:52:15,CSMS,Şarj Başlatma,Transaction ID: 118,Success
2025-12-21 04:52:15,CSMS,Şarj Başlatma,Transaction ID: 106,Success
2025-12-21 04:52:19,CSMS,Şarj Başlatma,Transaction ID: 180,Success
2025-12-21 04:52:19,CSMS,Şarj Başlatma,Transaction ID: 166,Success
2025-12-21 04:52:19,CSMS,Enerji Tüketimi,2025 Wh,Info
2025-12-21 04:52:20,CSMS,Şarj Başlatma,Transaction ID: 123,Success
2025-12-21 04:52:22,CSMS,Şarj Başlatma,Transaction ID: 119,Success
2025-12-21 04:52:22,CSMS,Şarj Başlatma,Transaction ID: 107,Success
2025-12-21 04:52:26,CSMS,Şarj Başlatma,Transaction ID: 181,Success
2025-12-21 04:52:26,CSMS,Şarj Başlatma,Transaction ID: 167,Success
2025-12-21 04:52:26,CSMS,Enerji Tüketimi,2025 Wh,Info
2025-12-21 04:52:27,CSMS,Şarj Başlatma,Transaction ID: 124,Success
2025-12-21 04:52:29,CSMS,Şarj Başlatma,Transaction ID: 120,Success
2025-12-21 04:52:29,CSMS,Şarj Başlatma,Transaction ID: 108,Success
2025-12-21 04:52:33,CSMS,Şarj Başlatma,Transaction ID: 182,Success
2025-12-21 04:52:33,CSMS,Şarj Başlatma,Transaction ID: 168,Success
2025-12-21 04:52:33,CSMS,Enerji Tüketimi,2025 Wh,Info
2025-12-21 04:52:34,CSMS,Şarj Başlatma,Transaction ID: 125,Success
2025-12-21 04:52:36,CSMS,Şarj Başlatma,Transaction ID: 121,Success
2025-12-21 04:52:36,CSMS,Şarj Başlatma,Transaction ID: 109,Success
2025-12-21 04:52:40,CSMS,Şarj Başlatma,Transaction ID: 169,Success
2025-12-21 04:52:40,CSMS,Şarj Başlatma,Transaction ID: 183,Success
2025-12-21 04:52:40,CSMS,Enerji Tüketimi,2025 Wh,Info
2025-12-21 04:52:41,CSMS,Şarj Başlatma,Transaction ID: 126,Success
2025-12-21 04:52:43,CSMS,Şarj Başlatma,Transaction ID: 122,Success
2025-12-21 04:52:44,CSMS,Şarj Başlatma,Transaction ID: 110,Success
2025-12-21 04:52:47,CSMS,Şarj Başlatma,Transaction ID: 170,Success
2025-12-21 04:52:47,CSMS,Şarj Başlatma,Transaction ID: 184,Success
2025-12-21 04:52:47,CSMS,Enerji Tüketimi,2025 Wh,Info
2025-12-21 04:52:48,CSMS,Şarj Başlatma,Transaction ID: 127,Success
2025-12-21 04:52:50,CSMS,Şarj Başlatma,Transaction ID: 123,Success
2025-12-21 04:52:51,CSMS,Şarj Başlatma,Transaction ID: 111,Success
2025-12-21 04:52:54,CSMS,Şarj Başlatma,Transaction ID: 171,Success
2025-12-21 04:52:54,CSMS,Şarj Başlatma,Transaction ID: 185,Success
2025-12-21 04:52:54,CSMS,Bağlantı,Yeni CP Bağlandı,Info
2025-12-21 04:52:54,CSMS,GÜVENLİK,Zaman Anomalisi Tespit Edildi!,CRITICAL
2025-12-21 04:52:54,CSMS,Enerji Tüketimi,2025 Wh,Info
2025-12-21 04:52:55,CSMS,Şarj Başlatma,Transaction ID: 101,Success
2025-12-21 04:52:55,CSMS,Şarj Başlatma,Transaction ID: 128,Success
2025-12-21 04:52:57,CSMS,Şarj Başlatma,Transaction ID: 124,Success
2025-12-21 04:52:58,CSMS,Şarj Başlatma,Transaction ID: 112,Success
2025-12-21 04:53:01,CSMS,Şarj Başlatma,Transaction ID: 172,Success
2025-12-21 04:53:01,CSMS,Şarj Başlatma,Transaction ID: 186,Success
2025-12-21 04:53:01,CSMS,Enerji Tüketimi,2025 Wh,Info
2025-12-21 04:53:02,CSMS,Şarj Başlatma,Transaction ID: 102,Success
2025-12-21 04:53:02,CSMS,Şarj Başlatma,Transaction ID: 129,Success
2025-12-21 04:53:04,CSMS,Şarj Başlatma,Transaction ID: 125,Success
2025-12-21 04:53:05,CSMS,Şarj Başlatma,Transaction ID: 113,Success
2025-12-21 04:53:08,CSMS,Şarj Başlatma,Transaction ID: 173,Success
2025-12-21 04:53:08,CSMS,Şarj Başlatma,Transaction ID: 187,Success
2025-12-21 04:53:08,CSMS,Enerji Tüketimi,2025 Wh,Info
2025-12-21 04:53:09,CSMS,Şarj Başlatma,Transaction ID: 103,Success
2025-12-21 04:53:09,CSMS,Şarj Başlatma,Transaction ID: 130,Success
2025-12-21 04:53:11,CSMS,Şarj Başlatma,Transaction ID: 126,Success
2025-12-21 04:53:12,CSMS,Şarj Başlatma,Transaction ID: 114,Success
2025-12-21 04:53:15,CSMS,Şarj Başlatma,Transaction ID: 174,Success
2025-12-21 04:53:15,CSMS,Şarj Başlatma,Transaction ID: 188,Success
2025-12-21 04:53:15,CSMS,Enerji Tüketimi,2025 Wh,Info
2025-12-21 04:53:16,CSMS,Şarj Başlatma,Transaction ID: 104,Success
2025-12-21 04:53:16,CSMS,Şarj Başlatma,Transaction ID: 131,Success
2025-12-21 04:53:18,CSMS,Şarj Başlatma,Transaction ID: 127,Success
2025-12-21 04:53:19,CSMS,Şarj Başlatma,Transaction ID: 115,Success
2025-12-21 04:53:22,CSMS,Şarj Başlatma,Transaction ID: 175,Success
2025-12-21 04:53:22,CSMS,Şarj Başlatma,Transaction ID: 189,Success
2025-12-21 04:53:22,CSMS,Enerji Tüketimi,2025 Wh,Info
2025-12-21 04:53:23,CSMS,Şarj Başlatma,Transaction ID: 105,Success
2025-12-21 04:53:23,CSMS,Şarj Başlatma,Transaction ID: 132,Success
2025-12-21 04:53:25,CSMS,Şarj Başlatma,Transaction ID: 128,Success
2025-12-21 04:53:26,CSMS,Şarj Başlatma,Transaction ID: 116,Success
2025-12-21 04:53:29,CSMS,Şarj Başlatma,Transaction ID: 176,Success
2025-12-21 04:53:29,CSMS,Şarj Başlatma,Transaction ID: 190,Success
2025-12-21 04:53:29,CSMS,Enerji Tüketimi,2025 Wh,Info
2025-12-21 04:53:30,CSMS,Şarj Başlatma,Transaction ID: 106,Success
2025-12-21 04:53:30,CSMS,Şarj Başlatma,Transaction ID: 133,Success
2025-12-21 04:53:32,CSMS,Şarj Başlatma,Transaction ID: 129,Success
2025-12-21 04:53:33,CSMS,Şarj Başlatma,Transaction ID: 117,Success
2025-12-21 04:53:36,CSMS,Şarj Başlatma,Transaction ID: 177,Success
2025-12-21 04:53:36,CSMS,Şarj Başlatma,Transaction ID: 191,Success
2025-12-21 04:53:36,CSMS,Enerji Tüketimi,2025 Wh,Info
2025-12-21 04:53:37,CSMS,Şarj Başlatma,Transaction ID: 107,Success
2025-12-21 04:53:37,CSMS,Şarj Başlatma,Transaction ID: 134,Success
2025-12-21 04:53:39,CSMS,Şarj Başlatma,Transaction ID: 130,Success
2025-12-21 04:53:40,CSMS,Şarj Başlatma,Transaction ID: 118,Success
2025-12-21 04:53:43,CSMS,Şarj Başlatma,Transaction ID: 178,Success
2025-12-21 04:53:43,CSMS,Şarj Başlatma,Transaction ID: 192,Success
2025-12-21 04:53:44,CSMS,Enerji Tüketimi,2025 Wh,Info
2025-12-21 04:53:44,CSMS,Şarj Başlatma,Transaction ID: 108,Success
2025-12-21 04:53:44,CSMS,Şarj Başlatma,Transaction ID: 135,Success
2025-12-21 04:53:46,CSMS,Şarj Başlatma,Transaction ID: 131,Success
2025-12-21 04:53:47,CSMS,Şarj Başlatma,Transaction ID: 119,Success
2025-12-21 04:53:48,CSMS,Bağlantı,Yeni CP Bağlandı,Info
2025-12-21 04:53:48,CSMS,GÜVENLİK,Zaman Anomalisi Tespit Edildi!,CRITICAL
2025-12-21 04:53:49,CSMS,Şarj Başlatma,Transaction ID: 101,Success
2025-12-21 04:53:50,CSMS,Şarj Başlatma,Transaction ID: 179,Success
2025-12-21 04:53:50,CSMS,Şarj Başlatma,Transaction ID: 193,Success
2025-12-21 04:53:51,CSMS,Enerji Tüketimi,2025 Wh,Info
2025-12-21 04:53:51,CSMS,Şarj Başlatma,Transaction ID: 109,Success
2025-12-21 04:53:51,CSMS,Şarj Başlatma,Transaction ID: 136,Success
2025-12-21 04:53:53,CSMS,Şarj Başlatma,Transaction ID: 132,Success
2025-12-21 04:53:54,CSMS,Şarj Başlatma,Transaction ID: 120,Success
2025-12-21 04:53:56,CSMS,Şarj Başlatma,Transaction ID: 102,Success
2025-12-21 04:53:57,CSMS,Şarj Başlatma,Transaction ID: 180,Success
2025-12-21 04:53:57,CSMS,Şarj Başlatma,Transaction ID: 194,Success
2025-12-21 04:53:58,CSMS,Enerji Tüketimi,2025 Wh,Info
2025-12-21 04:53:58,CSMS,Şarj Başlatma,Transaction ID: 110,Success
2025-12-21 04:53:58,CSMS,Şarj Başlatma,Transaction ID: 137,Success
2025-12-21 04:54:00,CSMS,Şarj Başlatma,Transaction ID: 133,Success
2025-12-21 04:54:01,CSMS,Şarj Başlatma,Transaction ID: 121,Success
2025-12-21 04:54:03,CSMS,Şarj Başlatma,Transaction ID: 103,Success
2025-12-21 04:54:04,CSMS,Şarj Başlatma,Transaction ID: 181,Success
2025-12-21 04:54:04,CSMS,Şarj Başlatma,Transaction ID: 195,Success
2025-12-21 04:54:05,CSMS,Enerji Tüketimi,2025 Wh,Info
2025-12-21 04:54:05,CSMS,Şarj Başlatma,Transaction ID: 111,Success
2025-12-21 04:54:05,CSMS,Şarj Başlatma,Transaction ID: 138,Success
2025-12-21 04:54:07,CSMS,Şarj Başlatma,Transaction ID: 134,Success
2025-12-21 04:54:08,CSMS,Şarj Başlatma,Transaction ID: 122,Success
2025-12-21 04:54:10,CSMS,Şarj Başlatma,Transaction ID: 104,Success
2025-12-21 04:54:11,CSMS,Şarj Başlatma,Transaction ID: 182,Success
2025-12-21 04:54:11,CSMS,Şarj Başlatma,Transaction ID: 196,Success
2025-12-21 04:54:12,CSMS,Enerji Tüketimi,2025 Wh,Info
2025-12-21 04:54:12,CSMS,Şarj Başlatma,Transaction ID: 112,Success
2025-12-21 04:54:12,CSMS,Şarj Başlatma,Transaction ID: 139,Success
2025-12-21 04:54:14,CSMS,Şarj Başlatma,Transaction ID: 135,Success
2025-12-21 04:54:15,CSMS,Şarj Başlatma,Transaction ID: 123,Success
2025-12-21 04:54:17,CSMS,Şarj Başlatma,Transaction ID: 105,Success
2025-12-21 04:54:18,CSMS,Şarj Başlatma,Transaction ID: 183,Success
2025-12-21 04:54:18,CSMS,Şarj Başlatma,Transaction ID: 197,Success
2025-12-21 04:54:19,CSMS,Enerji Tüketimi,2025 Wh,Info
2025-12-21 04:54:19,CSMS,Şarj Başlatma,Transaction ID: 113,Success
2025-12-21 04:54:19,CSMS,Şarj Başlatma,Transaction ID: 140,Success
2025-12-21 04:54:21,CSMS,Şarj Başlatma,Transaction ID: 136,Success
2025-12-21 04:54:22,CSMS,Şarj Başlatma,Transaction ID: 124,Success
2025-12-21 04:54:24,CSMS,Şarj Başlatma,Transaction ID: 106,Success
2025-12-21 04:54:25,CSMS,Şarj Başlatma,Transaction ID: 184,Success
2025-12-21 04:54:25,CSMS,Şarj Başlatma,Transaction ID: 198,Success
2025-12-21 04:54:26,CSMS,Enerji Tüketimi,2025 Wh,Info
2025-12-21 04:54:26,CSMS,Şarj Başlatma,Transaction ID: 114,Success
2025-12-21 04:54:26,CSMS,Şarj Başlatma,Transaction ID: 141,Success
2025-12-21 04:54:28,CSMS,Şarj Başlatma,Transaction ID: 137,Success
2025-12-21 04:54:29,CSMS,Şarj Başlatma,Transaction ID: 125,Success
2025-12-21 04:54:31,CSMS,Şarj Başlatma,Transaction ID: 107,Success
2025-12-21 04:54:32,CSMS,Şarj Başlatma,Transaction ID: 185,Success
2025-12-21 04:54:32,CSMS,Şarj Başlatma,Transaction ID: 199,Success
2025-12-21 04:54:33,CSMS,Enerji Tüketimi,2025 Wh,Info
2025-12-21 04:54:33,CSMS,Şarj Başlatma,Transaction ID: 115,Success
2025-12-21 04:54:33,CSMS,Şarj Başlatma,Transaction ID: 142,Success
2025-12-21 04:54:35,CSMS,Şarj Başlatma,Transaction ID: 138,Success
2025-12-21 04:54:36,CSMS,Şarj Başlatma,Transaction ID: 126,Success
2025-12-21 04:54:38,CSMS,Şarj Başlatma,Transaction ID: 108,Success
2025-12-21 04:54:39,CSMS,Şarj Başlatma,Transaction ID: 186,Success
2025-12-21 04:54:39,CSMS,Şarj Başlatma,Transaction ID: 200,Success
2025-12-21 04:54:40,CSMS,Enerji Tüketimi,2025 Wh,Info
2025-12-21 04:54:40,CSMS,Şarj Başlatma,Transaction ID: 116,Success
2025-12-21 04:54:40,CSMS,Şarj Başlatma,Transaction ID: 143,Success
2025-12-21 04:54:42,CSMS,Şarj Başlatma,Transaction ID: 139,Success
2025-12-21 04:54:43,CSMS,Şarj Başlatma,Transaction ID: 127,Success
2025-12-21 04:54:45,CSMS,Şarj Başlatma,Transaction ID: 109,Success
2025-12-21 04:54:46,CSMS,Şarj Başlatma,Transaction ID: 187,Success
2025-12-21 04:54:46,CSMS,Şarj Başlatma,Transaction ID: 201,Success
2025-12-21 04:54:47,CSMS,Enerji Tüketimi,2025 Wh,Info
2025-12-21 04:54:47,CSMS,Şarj Başlatma,Transaction ID: 117,Success
2025-12-21 04:54:47,CSMS,Şarj Başlatma,Transaction ID: 144,Success
2025-12-21 04:54:49,CSMS,Şarj Başlatma,Transaction ID: 140,Success
2025-12-21 04:54:50,CSMS,Şarj Başlatma,Transaction ID: 128,Success
2025-12-21 04:54:52,CSMS,Şarj Başlatma,Transaction ID: 110,Success
2025-12-21 04:54:53,CSMS,Şarj Başlatma,Transaction ID: 188,Success
2025-12-21 04:54:53,CSMS,Şarj Başlatma,Transaction ID: 202,Success
2025-12-21 04:54:54,CSMS,Enerji Tüketimi,2025 Wh,Info
2025-12-21 04:54:54,CSMS,Şarj Başlatma,Transaction ID: 118,Success
2025-12-21 04:54:54,CSMS,Şarj Başlatma,Transaction ID: 145,Success
2025-12-21 04:54:56,CSMS,Şarj Başlatma,Transaction ID: 141,Success
2025-12-21 04:54:57,CSMS,Şarj Başlatma,Transaction ID: 129,Success
2025-12-21 04:54:59,CSMS,Şarj Başlatma,Transaction ID: 111,Success
2025-12-21 04:55:00,CSMS,Şarj Başlatma,Transaction ID: 189,Success
2025-12-21 04:55:00,CSMS,Şarj Başlatma,Transaction ID: 203,Success
2025-12-21 04:55:01,CSMS,Enerji Tüketimi,2025 Wh,Info
2025-12-21 04:55:01,CSMS,Şarj Başlatma,Transaction ID: 119,Success
2025-12-21 04:55:01,CSMS,Şarj Başlatma,Transaction ID: 146,Success
2025-12-21 04:55:03,CSMS,Şarj Başlatma,Transaction ID: 142,Success
2025-12-21 04:55:04,CSMS,Şarj Başlatma,Transaction ID: 130,Success
2025-12-21 04:55:06,CSMS,Şarj Başlatma,Transaction ID: 112,Success
2025-12-21 04:55:07,CSMS,Şarj Başlatma,Transaction ID: 190,Success
2025-12-21 04:55:07,CSMS,Şarj Başlatma,Transaction ID: 204,Success
2025-12-21 04:55:08,CSMS,Enerji Tüketimi,2025 Wh,Info
2025-12-21 04:55:08,CSMS,Şarj Başlatma,Transaction ID: 120,Success
2025-12-21 04:55:08,CSMS,Şarj Başlatma,Transaction ID: 147,Success
2025-12-21 04:55:10,CSMS,Şarj Başlatma,Transaction ID: 143,Success
2025-12-21 04:55:11,CSMS,Şarj Başlatma,Transaction ID: 131,Success
2025-12-21 04:55:13,CSMS,Şarj Başlatma,Transaction ID: 113,Success
2025-12-21 04:55:14,CSMS,Şarj Başlatma,Transaction ID: 191,Success
2025-12-21 04:55:14,CSMS,Şarj Başlatma,Transaction ID: 205,Success
2025-12-21 04:55:15,CSMS,Enerji Tüketimi,2025 Wh,Info
2025-12-21 04:55:15,CSMS,Şarj Başlatma,Transaction ID: 121,Success
2025-12-21 04:55:15,CSMS,Şarj Başlatma,Transaction ID: 148,Success
2025-12-21 04:55:17,CSMS,Şarj Başlatma,Transaction ID: 144,Success
2025-12-21 04:55:18,CSMS,Şarj Başlatma,Transaction ID: 132,Success
2025-12-21 04:55:20,CSMS,Şarj Başlatma,Transaction ID: 114,Success
2025-12-21 04:55:21,CSMS,Şarj Başlatma,Transaction ID: 192,Success
2025-12-21 04:55:21,CSMS,Şarj Başlatma,Transaction ID: 206,Success
2025-12-21 04:55:22,CSMS,Enerji Tüketimi,2025 Wh,Info
2025-12-21 04:55:22,CSMS,Şarj Başlatma,Transaction ID: 122,Success
2025-12-21 04:55:22,CSMS,Şarj Başlatma,Transaction ID: 149,Success
2025-12-21 04:55:24,CSMS,Şarj Başlatma,Transaction ID: 145,Success
2025-12-21 04:55:25,CSMS,Şarj Başlatma,Transaction ID: 133,Success
2025-12-21 04:55:27,CSMS,Şarj Başlatma,Transaction ID: 115,Success
2025-12-21 04:55:28,CSMS,Şarj Başlatma,Transaction ID: 193,Success
2025-12-21 04:55:28,CSMS,Şarj Başlatma,Transaction ID: 207,Success
2025-12-21 04:55:29,CSMS,Enerji Tüketimi,2025 Wh,Info
2025-12-21 04:55:29,CSMS,Şarj Başlatma,Transaction ID: 123,Success
2025-12-21 04:55:29,CSMS,Şarj Başlatma,Transaction ID: 150,Success
2025-12-21 04:55:31,CSMS,Şarj Başlatma,Transaction ID: 146,Success
2025-12-21 04:55:32,CSMS,Şarj Başlatma,Transaction ID: 134,Success
2025-12-21 04:55:34,CSMS,Şarj Başlatma,Transaction ID: 116,Success
2025-12-21 04:55:35,CSMS,Şarj Başlatma,Transaction ID: 194,Success
2025-12-21 04:55:35,CSMS,Şarj Başlatma,Transaction ID: 208,Success
2025-12-21 04:55:36,CSMS,Enerji Tüketimi,2025 Wh,Info
2025-12-21 04:55:36,CSMS,Şarj Başlatma,Transaction ID: 124,Success
2025-12-21 04:55:36,CSMS,Şarj Başlatma,Transaction ID: 151,Success
2025-12-21 04:55:38,CSMS,Şarj Başlatma,Transaction ID: 147,Success
2025-12-21 04:55:39,CSMS,Şarj Başlatma,Transaction ID: 135,Success
2025-12-21 04:55:41,CSMS,Şarj Başlatma,Transaction ID: 117,Success
2025-12-21 04:55:42,CSMS,Şarj Başlatma,Transaction ID: 195,Success
2025-12-21 04:55:42,CSMS,Şarj Başlatma,Transaction ID: 209,Success
2025-12-21 04:55:43,CSMS,Enerji Tüketimi,2025 Wh,Info
2025-12-21 04:55:43,CSMS,Şarj Başlatma,Transaction ID: 125,Success
2025-12-21 04:55:43,CSMS,Şarj Başlatma,Transaction ID: 152,Success
2025-12-21 04:55:45,CSMS,Şarj Başlatma,Transaction ID: 148,Success
2025-12-21 04:55:46,CSMS,Şarj Başlatma,Transaction ID: 136,Success
2025-12-21 04:55:48,CSMS,Şarj Başlatma,Transaction ID: 118,Success
2025-12-21 04:55:49,CSMS,Şarj Başlatma,Transaction ID: 196,Success
2025-12-21 04:55:49,CSMS,Şarj Başlatma,Transaction ID: 210,Success
2025-12-21 04:55:50,CSMS,Enerji Tüketimi,2025 Wh,Info
2025-12-21 04:55:50,CSMS,Şarj Başlatma,Transaction ID: 126,Success
2025-12-21 04:55:50,CSMS,Şarj Başlatma,Transaction ID: 153,Success
2025-12-21 04:55:52,CSMS,Şarj Başlatma,Transaction ID: 149,Success
2025-12-21 04:55:53,CSMS,Şarj Başlatma,Transaction ID: 137,Success
2025-12-21 04:55:55,CSMS,Şarj Başlatma,Transaction ID: 119,Success
2025-12-21 04:55:56,CSMS,Şarj Başlatma,Transaction ID: 197,Success
2025-12-21 04:55:56,CSMS,Şarj Başlatma,Transaction ID: 211,Success
2025-12-21 04:55:57,CSMS,Enerji Tüketimi,2025 Wh,Info
2025-12-21 04:55:57,CSMS,Şarj Başlatma,Transaction ID: 127,Success
2025-12-21 04:55:57,CSMS,Şarj Başlatma,Transaction ID: 154,Success
2025-12-21 04:55:59,CSMS,Şarj Başlatma,Transaction ID: 150,Success
2025-12-21 04:56:00,CSMS,Şarj Başlatma,Transaction ID: 138,Success
2025-12-21 04:56:02,CSMS,Şarj Başlatma,Transaction ID: 120,Success
2025-12-21 04:56:03,CSMS,Şarj Başlatma,Transaction ID: 198,Success
2025-12-21 04:56:03,CSMS,Şarj Başlatma,Transaction ID: 212,Success
2025-12-21 04:56:04,CSMS,Enerji Tüketimi,2025 Wh,Info
2025-12-21 04:56:04,CSMS,Şarj Başlatma,Transaction ID: 128,Success
2025-12-21 04:56:04,CSMS,Şarj Başlatma,Transaction ID: 155,Success
2025-12-21 04:56:06,CSMS,Şarj Başlatma,Transaction ID: 151,Success
2025-12-21 04:56:07,CSMS,Şarj Başlatma,Transaction ID: 139,Success
2025-12-21 04:56:09,CSMS,Şarj Başlatma,Transaction ID: 121,Success
2025-12-21 04:56:10,CSMS,Şarj Başlatma,Transaction ID: 199,Success
2025-12-21 04:56:10,CSMS,Şarj Başlatma,Transaction ID: 213,Success
2025-12-21 04:56:11,CSMS,Enerji Tüketimi,2025 Wh,Info
2025-12-21 04:56:11,CSMS,Şarj Başlatma,Transaction ID: 129,Success
2025-12-21 04:56:11,CSMS,Şarj Başlatma,Transaction ID: 156,Success
2025-12-21 04:56:13,CSMS,Şarj Başlatma,Transaction ID: 152,Success
2025-12-21 04:56:14,CSMS,Şarj Başlatma,Transaction ID: 140,Success
2025-12-21 04:56:16,CSMS,Şarj Başlatma,Transaction ID: 122,Success
2025-12-21 04:56:17,CSMS,Şarj Başlatma,Transaction ID: 200,Success
2025-12-21 04:56:17,CSMS,Şarj Başlatma,Transaction ID: 214,Success
2025-12-21 04:56:18,CSMS,Enerji Tüketimi,2025 Wh,Info
2025-12-21 04:56:18,CSMS,Şarj Başlatma,Transaction ID: 130,Success
2025-12-21 04:56:18,CSMS,Şarj Başlatma,Transaction ID: 157,Success
2025-12-21 04:56:20,CSMS,Şarj Başlatma,Transaction ID: 153,Success
2025-12-21 04:56:21,CSMS,Şarj Başlatma,Transaction ID: 141,Success
2025-12-21 04:56:23,CSMS,Şarj Başlatma,Transaction ID: 123,Success
2025-12-21 04:56:24,CSMS,Şarj Başlatma,Transaction ID: 201,Success
2025-12-21 04:56:24,CSMS,Şarj Başlatma,Transaction ID: 215,Success
2025-12-21 04:56:25,CSMS,Enerji Tüketimi,2025 Wh,Info
2025-12-21 04:56:25,CSMS,Şarj Başlatma,Transaction ID: 131,Success
2025-12-21 04:56:25,CSMS,Şarj Başlatma,Transaction ID: 158,Success
2025-12-21 04:56:27,CSMS,Şarj Başlatma,Transaction ID: 154,Success
2025-12-21 04:56:28,CSMS,Şarj Başlatma,Transaction ID: 142,Success
2025-12-21 04:56:30,CSMS,Şarj Başlatma,Transaction ID: 124,Success
2025-12-21 04:56:31,CSMS,Şarj Başlatma,Transaction ID: 202,Success
2025-12-21 04:56:31,CSMS,Şarj Başlatma,Transaction ID: 216,Success
2025-12-21 04:56:32,CSMS,Enerji Tüketimi,2025 Wh,Info
2025-12-21 04:56:32,CSMS,Şarj Başlatma,Transaction ID: 132,Success
2025-12-21 04:56:32,CSMS,Şarj Başlatma,Transaction ID: 159,Success
2025-12-21 04:56:34,CSMS,Şarj Başlatma,Transaction ID: 155,Success
2025-12-21 04:56:35,CSMS,Şarj Başlatma,Transaction ID: 143,Success
2025-12-21 04:56:37,CSMS,Şarj Başlatma,Transaction ID: 125,Success
2025-12-21 04:56:38,CSMS,Şarj Başlatma,Transaction ID: 203,Success
2025-12-21 04:56:38,CSMS,Şarj Başlatma,Transaction ID: 217,Success
2025-12-21 04:56:39,CSMS,Enerji Tüketimi,2025 Wh,Info
2025-12-21 04:56:39,CSMS,Şarj Başlatma,Transaction ID: 133,Success
2025-12-21 04:56:39,CSMS,Şarj Başlatma,Transaction ID: 160,Success
2025-12-21 04:56:41,CSMS,Şarj Başlatma,Transaction ID: 156,Success
2025-12-21 04:56:42,CSMS,Şarj Başlatma,Transaction ID: 144,Success
2025-12-21 04:56:44,CSMS,Şarj Başlatma,Transaction ID: 126,Success
2025-12-21 04:56:45,CSMS,Şarj Başlatma,Transaction ID: 204,Success
2025-12-21 04:56:45,CSMS,Şarj Başlatma,Transaction ID: 218,Success
2025-12-21 04:56:46,CSMS,Enerji Tüketimi,2025 Wh,Info
2025-12-21 04:56:46,CSMS,Şarj Başlatma,Transaction ID: 134,Success
2025-12-21 04:56:46,CSMS,Şarj Başlatma,Transaction ID: 161,Success
2025-12-21 04:56:48,CSMS,Şarj Başlatma,Transaction ID: 157,Success
2025-12-21 04:56:49,CSMS,Şarj Başlatma,Transaction ID: 145,Success
2025-12-21 04:56:51,CSMS,Şarj Başlatma,Transaction ID: 127,Success
2025-12-21 04:56:52,CSMS,Şarj Başlatma,Transaction ID: 205,Success
2025-12-21 04:56:52,CSMS,Şarj Başlatma,Transaction ID: 219,Success
2025-12-21 04:56:53,CSMS,Enerji Tüketimi,2025 Wh,Info
2025-12-21 04:56:53,CSMS,Şarj Başlatma,Transaction ID: 135,Success
2025-12-21 04:56:53,CSMS,Şarj Başlatma,Transaction ID: 162,Success
2025-12-21 04:56:55,CSMS,Şarj Başlatma,Transaction ID: 158,Success
2025-12-21 04:56:56,CSMS,Şarj Başlatma,Transaction ID: 146,Success
2025-12-21 04:56:58,CSMS,Şarj Başlatma,Transaction ID: 128,Success
2025-12-21 04:56:59,CSMS,Şarj Başlatma,Transaction ID: 206,Success
2025-12-21 04:56:59,CSMS,Şarj Başlatma,Transaction ID: 220,Success
2025-12-21 04:57:00,CSMS,Enerji Tüketimi,2025 Wh,Info
2025-12-21 04:57:00,CSMS,Şarj Başlatma,Transaction ID: 136,Success
2025-12-21 04:57:00,CSMS,Şarj Başlatma,Transaction ID: 163,Success
2025-12-21 04:57:02,CSMS,Şarj Başlatma,Transaction ID: 159,Success
2025-12-21 04:57:03,CSMS,Şarj Başlatma,Transaction ID: 147,Success
2025-12-21 04:57:05,CSMS,Şarj Başlatma,Transaction ID: 129,Success
2025-12-21 04:57:06,CSMS,Şarj Başlatma,Transaction ID: 207,Success
2025-12-21 04:57:06,CSMS,Şarj Başlatma,Transaction ID: 221,Success
2025-12-21 04:57:07,CSMS,Enerji Tüketimi,2025 Wh,Info
2025-12-21 04:57:07,CSMS,Şarj Başlatma,Transaction ID: 137,Success
2025-12-21 04:57:07,CSMS,Şarj Başlatma,Transaction ID: 164,Success
2025-12-21 04:57:09,CSMS,Şarj Başlatma,Transaction ID: 160,Success
2025-12-21 04:57:10,CSMS,Şarj Başlatma,Transaction ID: 148,Success
2025-12-21 04:57:12,CSMS,Şarj Başlatma,Transaction ID: 130,Success
2025-12-21 04:57:13,CSMS,Şarj Başlatma,Transaction ID: 208,Success
2025-12-21 04:57:13,CSMS,Şarj Başlatma,Transaction ID: 222,Success
2025-12-21 04:57:14,CSMS,Enerji Tüketimi,2025 Wh,Info
2025-12-21 04:57:14,CSMS,Şarj Başlatma,Transaction ID: 138,Success
2025-12-21 04:57:14,CSMS,Şarj Başlatma,Transaction ID: 165,Success
2025-12-21 04:57:16,CSMS,Şarj Başlatma,Transaction ID: 161,Success
2025-12-21 04:57:17,CSMS,Şarj Başlatma,Transaction ID: 149,Success
2025-12-21 04:57:19,CSMS,Şarj Başlatma,Transaction ID: 131,Success
2025-12-21 04:57:20,CSMS,Şarj Başlatma,Transaction ID: 209,Success
2025-12-21 04:57:20,CSMS,Şarj Başlatma,Transaction ID: 223,Success
2025-12-21 04:57:21,CSMS,Enerji Tüketimi,2025 Wh,Info
2025-12-21 04:57:21,CSMS,Şarj Başlatma,Transaction ID: 139,Success
2025-12-21 04:57:21,CSMS,Şarj Başlatma,Transaction ID: 166,Success
2025-12-21 04:57:23,CSMS,Şarj Başlatma,Transaction ID: 162,Success
2025-12-21 04:57:24,CSMS,Şarj Başlatma,Transaction ID: 150,Success
2025-12-21 04:57:26,CSMS,Şarj Başlatma,Transaction ID: 132,Success
2025-12-21 04:57:27,CSMS,Şarj Başlatma,Transaction ID: 210,Success
2025-12-21 04:57:27,CSMS,Şarj Başlatma,Transaction ID: 224,Success
2025-12-21 04:57:28,CSMS,Enerji Tüketimi,2025 Wh,Info
2025-12-21 04:57:28,CSMS,Şarj Başlatma,Transaction ID: 140,Success
2025-12-21 04:57:28,CSMS,Şarj Başlatma,Transaction ID: 167,Success
2025-12-21 04:57:30,CSMS,Şarj Başlatma,Transaction ID: 163,Success
2025-12-21 04:57:31,CSMS,Şarj Başlatma,Transaction ID: 151,Success
2025-12-21 04:57:33,CSMS,Şarj Başlatma,Transaction ID: 133,Success
2025-12-21 04:57:34,CSMS,Şarj Başlatma,Transaction ID: 211,Success
2025-12-21 04:57:35,CSMS,Şarj Başlatma,Transaction ID: 225,Success
2025-12-21 04:57:35,CSMS,Enerji Tüketimi,2025 Wh,Info
2025-12-21 04:57:35,CSMS,Şarj Başlatma,Transaction ID: 141,Success
2025-12-21 04:57:35,CSMS,Şarj Başlatma,Transaction ID: 168,Success
2025-12-21 04:57:37,CSMS,Şarj Başlatma,Transaction ID: 164,Success
2025-12-21 04:57:38,CSMS,Şarj Başlatma,Transaction ID: 152,Success
2025-12-21 04:57:40,CSMS,Şarj Başlatma,Transaction ID: 134,Success
2025-12-21 04:57:41,CSMS,Şarj Başlatma,Transaction ID: 212,Success
2025-12-21 04:57:42,CSMS,Şarj Başlatma,Transaction ID: 226,Success
2025-12-21 04:57:42,CSMS,Enerji Tüketimi,2025 Wh,Info
2025-12-21 04:57:42,CSMS,Şarj Başlatma,Transaction ID: 142,Success
2025-12-21 04:57:42,CSMS,Şarj Başlatma,Transaction ID: 169,Success
2025-12-21 04:57:44,CSMS,Şarj Başlatma,Transaction ID: 165,Success
2025-12-21 04:57:45,CSMS,Şarj Başlatma,Transaction ID: 153,Success
2025-12-21 04:57:48,CSMS,Şarj Başlatma,Transaction ID: 135,Success
2025-12-21 04:57:48,CSMS,Şarj Başlatma,Transaction ID: 213,Success
2025-12-21 04:57:49,CSMS,Şarj Başlatma,Transaction ID: 227,Success
2025-12-21 04:57:49,CSMS,Enerji Tüketimi,2025 Wh,Info
2025-12-21 04:57:49,CSMS,Şarj Başlatma,Transaction ID: 143,Success
2025-12-21 04:57:49,CSMS,Şarj Başlatma,Transaction ID: 170,Success
2025-12-21 04:57:51,CSMS,Şarj Başlatma,Transaction ID: 166,Success
2025-12-21 04:57:52,CSMS,Şarj Başlatma,Transaction ID: 154,Success
2025-12-21 04:57:55,CSMS,Şarj Başlatma,Transaction ID: 136,Success
2025-12-21 04:57:55,CSMS,Şarj Başlatma,Transaction ID: 214,Success
2025-12-21 04:57:56,CSMS,Şarj Başlatma,Transaction ID: 228,Success
2025-12-21 04:57:56,CSMS,Enerji Tüketimi,2025 Wh,Info
2025-12-21 04:57:56,CSMS,Şarj Başlatma,Transaction ID: 144,Success
2025-12-21 04:57:56,CSMS,Şarj Başlatma,Transaction ID: 171,Success
2025-12-21 04:57:58,CSMS,Şarj Başlatma,Transaction ID: 167,Success
2025-12-21 04:57:59,CSMS,Şarj Başlatma,Transaction ID: 155,Success
2025-12-21 04:58:02,CSMS,Şarj Başlatma,Transaction ID: 137,Success
2025-12-21 04:58:02,CSMS,Şarj Başlatma,Transaction ID: 215,Success
2025-12-21 04:58:03,CSMS,Şarj Başlatma,Transaction ID: 229,Success
2025-12-21 04:58:03,CSMS,Enerji Tüketimi,2025 Wh,Info
2025-12-21 04:58:03,CSMS,Şarj Başlatma,Transaction ID: 145,Success
2025-12-21 04:58:03,CSMS,Şarj Başlatma,Transaction ID: 172,Success
2025-12-21 04:58:05,CSMS,Şarj Başlatma,Transaction ID: 168,Success
2025-12-21 04:58:06,CSMS,Şarj Başlatma,Transaction ID: 156,Success
2025-12-21 04:58:09,CSMS,Şarj Başlatma,Transaction ID: 138,Success
2025-12-21 04:58:09,CSMS,Şarj Başlatma,Transaction ID: 216,Success
2025-12-21 04:58:10,CSMS,Şarj Başlatma,Transaction ID: 230,Success
2025-12-21 04:58:10,CSMS,Enerji Tüketimi,2025 Wh,Info
2025-12-21 04:58:10,CSMS,Şarj Başlatma,Transaction ID: 146,Success
2025-12-21 04:58:10,CSMS,Şarj Başlatma,Transaction ID: 173,Success
2025-12-21 04:58:12,CSMS,Şarj Başlatma,Transaction ID: 169,Success
2025-12-21 04:58:13,CSMS,Şarj Başlatma,Transaction ID: 157,Success
2025-12-21 04:58:16,CSMS,Şarj Başlatma,Transaction ID: 139,Success
2025-12-21 04:58:16,CSMS,Şarj Başlatma,Transaction ID: 217,Success
2025-12-21 04:58:17,CSMS,Şarj Başlatma,Transaction ID: 231,Success
2025-12-21 04:58:17,CSMS,Enerji Tüketimi,2025 Wh,Info
2025-12-21 04:58:17,CSMS,Şarj Başlatma,Transaction ID: 147,Success
2025-12-21 04:58:17,CSMS,Şarj Başlatma,Transaction ID: 174,Success
2025-12-21 04:58:19,CSMS,Şarj Başlatma,Transaction ID: 170,Success
2025-12-21 04:58:20,CSMS,Şarj Başlatma,Transaction ID: 158,Success
2025-12-21 04:58:23,CSMS,Şarj Başlatma,Transaction ID: 140,Success
2025-12-21 04:58:23,CSMS,Şarj Başlatma,Transaction ID: 218,Success
2025-12-21 04:58:24,CSMS,Şarj Başlatma,Transaction ID: 232,Success
2025-12-21 04:58:24,CSMS,Enerji Tüketimi,2025 Wh,Info
2025-12-21 04:58:24,CSMS,Şarj Başlatma,Transaction ID: 148,Success
2025-12-21 04:58:24,CSMS,Şarj Başlatma,Transaction ID: 175,Success
2025-12-21 04:58:26,CSMS,Şarj Başlatma,Transaction ID: 171,Success
2025-12-21 04:58:27,CSMS,Şarj Başlatma,Transaction ID: 159,Success
2025-12-21 04:58:30,CSMS,Şarj Başlatma,Transaction ID: 141,Success
2025-12-21 04:58:30,CSMS,Şarj Başlatma,Transaction ID: 219,Success
2025-12-21 04:58:31,CSMS,Şarj Başlatma,Transaction ID: 233,Success
2025-12-21 04:58:31,CSMS,Enerji Tüketimi,2025 Wh,Info
2025-12-21 04:58:31,CSMS,Şarj Başlatma,Transaction ID: 149,Success
2025-12-21 04:58:31,CSMS,Şarj Başlatma,Transaction ID: 176,Success
2025-12-21 04:58:33,CSMS,Şarj Başlatma,Transaction ID: 172,Success
2025-12-21 04:58:34,CSMS,Şarj Başlatma,Transaction ID: 160,Success
2025-12-21 04:58:37,CSMS,Şarj Başlatma,Transaction ID: 142,Success
2025-12-21 04:58:37,CSMS,Şarj Başlatma,Transaction ID: 220,Success
2025-12-21 04:58:38,CSMS,Şarj Başlatma,Transaction ID: 234,Success
2025-12-21 04:58:38,CSMS,Enerji Tüketimi,2025 Wh,Info
2025-12-21 04:58:38,CSMS,Şarj Başlatma,Transaction ID: 150,Success
2025-12-21 04:58:39,CSMS,Şarj Başlatma,Transaction ID: 177,Success
2025-12-21 04:58:40,CSMS,Şarj Başlatma,Transaction ID: 173,Success
2025-12-21 04:58:41,CSMS,Şarj Başlatma,Transaction ID: 161,Success
2025-12-21 04:58:44,CSMS,Şarj Başlatma,Transaction ID: 143,Success
2025-12-21 04:58:44,CSMS,Şarj Başlatma,Transaction ID: 221,Success
2025-12-21 04:58:45,CSMS,Şarj Başlatma,Transaction ID: 235,Success
2025-12-21 04:58:45,CSMS,Enerji Tüketimi,2025 Wh,Info
2025-12-21 04:58:45,CSMS,Şarj Başlatma,Transaction ID: 151,Success
2025-12-21 04:58:46,CSMS,Şarj Başlatma,Transaction ID: 178,Success
2025-12-21 04:58:47,CSMS,Şarj Başlatma,Transaction ID: 174,Success
2025-12-21 04:58:48,CSMS,Şarj Başlatma,Transaction ID: 162,Success
2025-12-21 04:58:51,CSMS,Şarj Başlatma,Transaction ID: 144,Success
2025-12-21 04:58:51,CSMS,Şarj Başlatma,Transaction ID: 222,Success
2025-12-21 04:58:52,CSMS,Şarj Başlatma,Transaction ID: 236,Success
2025-12-21 04:58:52,CSMS,Enerji Tüketimi,2025 Wh,Info
2025-12-21 04:58:52,CSMS,Şarj Başlatma,Transaction ID: 152,Success
2025-12-21 04:58:53,CSMS,Şarj Başlatma,Transaction ID: 179,Success
2025-12-21 04:58:54,CSMS,Şarj Başlatma,Transaction ID: 175,Success
2025-12-21 04:58:55,CSMS,Şarj Başlatma,Transaction ID: 163,Success
2025-12-21 04:58:58,CSMS,Şarj Başlatma,Transaction ID: 145,Success
2025-12-21 04:58:58,CSMS,Şarj Başlatma,Transaction ID: 223,Success
2025-12-21 04:58:59,CSMS,Şarj Başlatma,Transaction ID: 237,Success
2025-12-21 04:58:59,CSMS,Enerji Tüketimi,2025 Wh,Info
2025-12-21 04:58:59,CSMS,Şarj Başlatma,Transaction ID: 153,Success
2025-12-21 04:59:00,CSMS,Şarj Başlatma,Transaction ID: 180,Success
2025-12-21 04:59:01,CSMS,Şarj Başlatma,Transaction ID: 176,Success
2025-12-21 04:59:02,CSMS,Şarj Başlatma,Transaction ID: 164,Success
2025-12-21 04:59:05,CSMS,Şarj Başlatma,Transaction ID: 146,Success
2025-12-21 04:59:05,CSMS,Şarj Başlatma,Transaction ID: 224,Success
2025-12-21 04:59:06,CSMS,Şarj Başlatma,Transaction ID: 238,Success
2025-12-21 04:59:06,CSMS,Enerji Tüketimi,2025 Wh,Info
2025-12-21 04:59:06,CSMS,Şarj Başlatma,Transaction ID: 154,Success
2025-12-21 04:59:07,CSMS,Şarj Başlatma,Transaction ID: 181,Success
2025-12-21 04:59:08,CSMS,Şarj Başlatma,Transaction ID: 177,Success
2025-12-21 04:59:09,CSMS,Şarj Başlatma,Transaction ID: 165,Success
2025-12-21 04:59:12,CSMS,Şarj Başlatma,Transaction ID: 147,Success
2025-12-21 04:59:12,CSMS,Şarj Başlatma,Transaction ID: 225,Success
2025-12-21 04:59:13,CSMS,Şarj Başlatma,Transaction ID: 239,Success
2025-12-21 04:59:13,CSMS,Enerji Tüketimi,2025 Wh,Info
2025-12-21 04:59:13,CSMS,Şarj Başlatma,Transaction ID: 155,Success
2025-12-21 04:59:14,CSMS,Şarj Başlatma,Transaction ID: 182,Success
2025-12-21 04:59:15,CSMS,Şarj Başlatma,Transaction ID: 178,Success
2025-12-21 04:59:16,CSMS,Şarj Başlatma,Transaction ID: 166,Success
2025-12-21 04:59:19,CSMS,Şarj Başlatma,Transaction ID: 148,Success
2025-12-21 04:59:19,CSMS,Şarj Başlatma,Transaction ID: 226,Success
2025-12-21 04:59:20,CSMS,Şarj Başlatma,Transaction ID: 240,Success
2025-12-21 04:59:20,CSMS,Enerji Tüketimi,2025 Wh,Info
2025-12-21 04:59:20,CSMS,Şarj Başlatma,Transaction ID: 156,Success
2025-12-21 04:59:21,CSMS,Şarj Başlatma,Transaction ID: 183,Success
2025-12-21 04:59:22,CSMS,Şarj Başlatma,Transaction ID: 179,Success
2025-12-21 04:59:23,CSMS,Şarj Başlatma,Transaction ID: 167,Success
2025-12-21 04:59:26,CSMS,Şarj Başlatma,Transaction ID: 149,Success
2025-12-21 04:59:26,CSMS,Şarj Başlatma,Transaction ID: 227,Success
2025-12-21 04:59:27,CSMS,Şarj Başlatma,Transaction ID: 241,Success
2025-12-21 04:59:27,CSMS,Enerji Tüketimi,2025 Wh,Info
2025-12-21 04:59:27,CSMS,Şarj Başlatma,Transaction ID: 157,Success
2025-12-21 04:59:28,CSMS,Şarj Başlatma,Transaction ID: 184,Success
2025-12-21 04:59:29,CSMS,Şarj Başlatma,Transaction ID: 180,Success
2025-12-21 04:59:30,CSMS,Şarj Başlatma,Transaction ID: 168,Success
2025-12-21 04:59:33,CSMS,Şarj Başlatma,Transaction ID: 150,Success
2025-12-21 04:59:33,CSMS,Şarj Başlatma,Transaction ID: 228,Success
2025-12-21 04:59:34,CSMS,Şarj Başlatma,Transaction ID: 242,Success
2025-12-21 04:59:34,CSMS,Enerji Tüketimi,2025 Wh,Info
2025-12-21 04:59:35,CSMS,Şarj Başlatma,Transaction ID: 158,Success
2025-12-21 04:59:35,CSMS,Şarj Başlatma,Transaction ID: 185,Success
2025-12-21 04:59:36,CSMS,Şarj Başlatma,Transaction ID: 181,Success
2025-12-21 04:59:37,CSMS,Şarj Başlatma,Transaction ID: 169,Success
2025-12-21 04:59:40,CSMS,Şarj Başlatma,Transaction ID: 151,Success
2025-12-21 04:59:40,CSMS,Şarj Başlatma,Transaction ID: 229,Success
2025-12-21 04:59:41,CSMS,Şarj Başlatma,Transaction ID: 243,Success
2025-12-21 04:59:41,CSMS,Enerji Tüketimi,2025 Wh,Info
2025-12-21 04:59:42,CSMS,Şarj Başlatma,Transaction ID: 159,Success
2025-12-21 04:59:42,CSMS,Şarj Başlatma,Transaction ID: 186,Success
2025-12-21 04:59:43,CSMS,Şarj Başlatma,Transaction ID: 182,Success
2025-12-21 04:59:44,CSMS,Şarj Başlatma,Transaction ID: 170,Success
2025-12-21 04:59:47,CSMS,Şarj Başlatma,Transaction ID: 152,Success
2025-12-21 04:59:47,CSMS,Şarj Başlatma,Transaction ID: 230,Success
2025-12-21 04:59:48,CSMS,Şarj Başlatma,Transaction ID: 244,Success
2025-12-21 04:59:48,CSMS,Enerji Tüketimi,2025 Wh,Info
2025-12-21 04:59:49,CSMS,Şarj Başlatma,Transaction ID: 160,Success
2025-12-21 04:59:49,CSMS,Şarj Başlatma,Transaction ID: 187,Success
2025-12-21 04:59:50,CSMS,Şarj Başlatma,Transaction ID: 183,Success
2025-12-21 04:59:51,CSMS,Şarj Başlatma,Transaction ID: 171,Success
2025-12-21 04:59:54,CSMS,Şarj Başlatma,Transaction ID: 153,Success
2025-12-21 04:59:54,CSMS,Şarj Başlatma,Transaction ID: 231,Success
2025-12-21 04:59:55,CSMS,Şarj Başlatma,Transaction ID: 245,Success
2025-12-21 04:59:55,CSMS,Enerji Tüketimi,2025 Wh,Info
2025-12-21 04:59:56,CSMS,Şarj Başlatma,Transaction ID: 161,Success
2025-12-21 04:59:56,CSMS,Şarj Başlatma,Transaction ID: 188,Success
2025-12-21 04:59:57,CSMS,Şarj Başlatma,Transaction ID: 184,Success
2025-12-21 04:59:58,CSMS,Şarj Başlatma,Transaction ID: 172,Success
2025-12-21 05:00:01,CSMS,Şarj Başlatma,Transaction ID: 154,Success
2025-12-21 05:00:01,CSMS,Şarj Başlatma,Transaction ID: 232,Success
2025-12-21 05:00:02,CSMS,Şarj Başlatma,Transaction ID: 246,Success
2025-12-21 05:00:02,CSMS,Enerji Tüketimi,2025 Wh,Info
2025-12-21 05:00:03,CSMS,Şarj Başlatma,Transaction ID: 162,Success
2025-12-21 05:00:03,CSMS,Şarj Başlatma,Transaction ID: 189,Success
2025-12-21 05:00:04,CSMS,Şarj Başlatma,Transaction ID: 185,Success
2025-12-21 05:00:05,CSMS,Şarj Başlatma,Transaction ID: 173,Success
2025-12-21 05:00:08,CSMS,Şarj Başlatma,Transaction ID: 155,Success
2025-12-21 05:00:08,CSMS,Şarj Başlatma,Transaction ID: 233,Success
2025-12-21 05:00:09,CSMS,Şarj Başlatma,Transaction ID: 247,Success
2025-12-21 05:00:09,CSMS,Enerji Tüketimi,2025 Wh,Info
2025-12-21 05:00:10,CSMS,Şarj Başlatma,Transaction ID: 163,Success
2025-12-21 05:00:10,CSMS,Şarj Başlatma,Transaction ID: 190,Success
2025-12-21 05:00:11,CSMS,Şarj Başlatma,Transaction ID: 186,Success
2025-12-21 05:00:12,CSMS,Şarj Başlatma,Transaction ID: 174,Success
2025-12-21 05:00:15,CSMS,Şarj Başlatma,Transaction ID: 156,Success
2025-12-21 05:00:15,CSMS,Şarj Başlatma,Transaction ID: 234,Success
2025-12-21 05:00:16,CSMS,Şarj Başlatma,Transaction ID: 248,Success
2025-12-21 05:00:16,CSMS,Enerji Tüketimi,2025 Wh,Info
2025-12-21 05:00:17,CSMS,Şarj Başlatma,Transaction ID: 164,Success
2025-12-21 05:00:17,CSMS,Şarj Başlatma,Transaction ID: 191,Success
2025-12-21 05:00:18,CSMS,Şarj Başlatma,Transaction ID: 187,Success
2025-12-21 05:00:19,CSMS,Şarj Başlatma,Transaction ID: 175,Success
2025-12-21 05:00:22,CSMS,Şarj Başlatma,Transaction ID: 157,Success
2025-12-21 05:00:23,CSMS,Şarj Başlatma,Transaction ID: 235,Success
2025-12-21 05:00:23,CSMS,Şarj Başlatma,Transaction ID: 249,Success
2025-12-21 05:00:23,CSMS,Enerji Tüketimi,2025 Wh,Info
2025-12-21 05:00:24,CSMS,Şarj Başlatma,Transaction ID: 165,Success
2025-12-21 05:00:24,CSMS,Şarj Başlatma,Transaction ID: 192,Success
2025-12-21 05:00:25,CSMS,Şarj Başlatma,Transaction ID: 188,Success
2025-12-21 05:00:26,CSMS,Şarj Başlatma,Transaction ID: 176,Success
2025-12-21 05:00:29,CSMS,Şarj Başlatma,Transaction ID: 158,Success
2025-12-21 05:00:30,CSMS,Şarj Başlatma,Transaction ID: 236,Success
2025-12-21 05:00:30,CSMS,Şarj Başlatma,Transaction ID: 250,Success
2025-12-21 05:00:30,CSMS,Enerji Tüketimi,2025 Wh,Info
2025-12-21 05:00:31,CSMS,Şarj Başlatma,Transaction ID: 166,Success
2025-12-21 05:00:31,CSMS,Şarj Başlatma,Transaction ID: 193,Success
2025-12-21 05:00:32,CSMS,Şarj Başlatma,Transaction ID: 189,Success
2025-12-21 05:00:33,CSMS,Şarj Başlatma,Transaction ID: 177,Success
2025-12-21 05:00:36,CSMS,Şarj Başlatma,Transaction ID: 159,Success
2025-12-21 05:00:37,CSMS,Şarj Başlatma,Transaction ID: 237,Success
2025-12-21 05:00:37,CSMS,Şarj Başlatma,Transaction ID: 251,Success
2025-12-21 05:00:37,CSMS,Enerji Tüketimi,2025 Wh,Info
2025-12-21 05:00:38,CSMS,Şarj Başlatma,Transaction ID: 167,Success
2025-12-21 05:00:38,CSMS,Şarj Başlatma,Transaction ID: 194,Success
2025-12-21 05:00:39,CSMS,Şarj Başlatma,Transaction ID: 190,Success
2025-12-21 05:00:40,CSMS,Şarj Başlatma,Transaction ID: 178,Success
2025-12-21 05:00:43,CSMS,Şarj Başlatma,Transaction ID: 160,Success
2025-12-21 05:00:44,CSMS,Şarj Başlatma,Transaction ID: 238,Success
2025-12-21 05:00:44,CSMS,Şarj Başlatma,Transaction ID: 252,Success
2025-12-21 05:00:44,CSMS,Enerji Tüketimi,2025 Wh,Info
2025-12-21 05:00:45,CSMS,Şarj Başlatma,Transaction ID: 168,Success
2025-12-21 05:00:45,CSMS,Şarj Başlatma,Transaction ID: 195,Success
2025-12-21 05:00:46,CSMS,Şarj Başlatma,Transaction ID: 191,Success
2025-12-21 05:00:47,CSMS,Şarj Başlatma,Transaction ID: 179,Success
2025-12-21 05:00:50,CSMS,Şarj Başlatma,Transaction ID: 161,Success
2025-12-21 05:00:51,CSMS,Şarj Başlatma,Transaction ID: 239,Success
2025-12-21 05:00:51,CSMS,Şarj Başlatma,Transaction ID: 253,Success
2025-12-21 05:00:52,CSMS,Enerji Tüketimi,2025 Wh,Info
2025-12-21 05:00:52,CSMS,Şarj Başlatma,Transaction ID: 169,Success
2025-12-21 05:00:52,CSMS,Şarj Başlatma,Transaction ID: 196,Success
2025-12-21 05:00:53,CSMS,Şarj Başlatma,Transaction ID: 192,Success
2025-12-21 05:00:54,CSMS,Şarj Başlatma,Transaction ID: 180,Success
2025-12-21 05:00:57,CSMS,Şarj Başlatma,Transaction ID: 162,Success
2025-12-21 05:00:58,CSMS,Şarj Başlatma,Transaction ID: 240,Success
2025-12-21 05:00:58,CSMS,Şarj Başlatma,Transaction ID: 254,Success
2025-12-21 05:00:59,CSMS,Enerji Tüketimi,2025 Wh,Info
2025-12-21 05:00:59,CSMS,Şarj Başlatma,Transaction ID: 170,Success
2025-12-21 05:00:59,CSMS,Şarj Başlatma,Transaction ID: 197,Success
2025-12-21 05:01:00,CSMS,Şarj Başlatma,Transaction ID: 193,Success
2025-12-21 05:01:01,CSMS,Şarj Başlatma,Transaction ID: 181,Success
2025-12-21 05:01:04,CSMS,Şarj Başlatma,Transaction ID: 163,Success
2025-12-21 05:01:05,CSMS,Şarj Başlatma,Transaction ID: 241,Success
2025-12-21 05:01:05,CSMS,Şarj Başlatma,Transaction ID: 255,Success
2025-12-21 05:01:06,CSMS,Enerji Tüketimi,2025 Wh,Info
2025-12-21 05:01:06,CSMS,Şarj Başlatma,Transaction ID: 171,Success
2025-12-21 05:01:06,CSMS,Şarj Başlatma,Transaction ID: 198,Success
2025-12-21 05:01:07,CSMS,Şarj Başlatma,Transaction ID: 194,Success
2025-12-21 05:01:08,CSMS,Şarj Başlatma,Transaction ID: 182,Success
2025-12-21 05:01:11,CSMS,Şarj Başlatma,Transaction ID: 164,Success
2025-12-21 05:01:12,CSMS,Şarj Başlatma,Transaction ID: 242,Success
2025-12-21 05:01:12,CSMS,Şarj Başlatma,Transaction ID: 256,Success
2025-12-21 05:01:13,CSMS,Enerji Tüketimi,2025 Wh,Info
2025-12-21 05:01:13,CSMS,Şarj Başlatma,Transaction ID: 172,Success
2025-12-21 05:01:13,CSMS,Şarj Başlatma,Transaction ID: 199,Success
2025-12-21 05:01:14,CSMS,Şarj Başlatma,Transaction ID: 195,Success
2025-12-21 05:01:15,CSMS,Şarj Başlatma,Transaction ID: 183,Success
2025-12-21 05:01:18,CSMS,Şarj Başlatma,Transaction ID: 165,Success
2025-12-21 05:01:19,CSMS,Şarj Başlatma,Transaction ID: 243,Success
2025-12-21 05:01:19,CSMS,Şarj Başlatma,Transaction ID: 257,Success
2025-12-21 05:01:20,CSMS,Enerji Tüketimi,2025 Wh,Info
2025-12-21 05:01:20,CSMS,Şarj Başlatma,Transaction ID: 173,Success
2025-12-21 05:01:20,CSMS,Şarj Başlatma,Transaction ID: 200,Success
2025-12-21 05:01:21,CSMS,Şarj Başlatma,Transaction ID: 196,Success
2025-12-21 05:01:22,CSMS,Şarj Başlatma,Transaction ID: 184,Success
2025-12-21 05:01:25,CSMS,Şarj Başlatma,Transaction ID: 166,Success
2025-12-21 05:01:26,CSMS,Şarj Başlatma,Transaction ID: 244,Success
2025-12-21 05:01:26,CSMS,Şarj Başlatma,Transaction ID: 258,Success
2025-12-21 05:01:27,CSMS,Şarj Başlatma,Transaction ID: 174,Success
2025-12-21 05:01:27,CSMS,Enerji Tüketimi,2025 Wh,Info
2025-12-21 05:01:27,CSMS,Şarj Başlatma,Transaction ID: 201,Success
2025-12-21 05:01:28,CSMS,Şarj Başlatma,Transaction ID: 197,Success
2025-12-21 05:01:29,CSMS,Şarj Başlatma,Transaction ID: 185,Success
2025-12-21 05:01:32,CSMS,Şarj Başlatma,Transaction ID: 167,Success
2025-12-21 05:01:33,CSMS,Şarj Başlatma,Transaction ID: 245,Success
2025-12-21 05:01:33,CSMS,Şarj Başlatma,Transaction ID: 259,Success
2025-12-21 05:01:34,CSMS,Şarj Başlatma,Transaction ID: 175,Success
2025-12-21 05:01:34,CSMS,Enerji Tüketimi,2025 Wh,Info
2025-12-21 05:01:34,CSMS,Şarj Başlatma,Transaction ID: 202,Success
2025-12-21 05:01:35,CSMS,Şarj Başlatma,Transaction ID: 198,Success
2025-12-21 05:01:36,CSMS,Şarj Başlatma,Transaction ID: 186,Success
2025-12-21 05:01:39,CSMS,Şarj Başlatma,Transaction ID: 168,Success
2025-12-21 05:01:40,CSMS,Şarj Başlatma,Transaction ID: 246,Success
2025-12-21 05:01:40,CSMS,Şarj Başlatma,Transaction ID: 260,Success
2025-12-21 05:01:41,CSMS,Şarj Başlatma,Transaction ID: 176,Success
2025-12-21 05:01:41,CSMS,Enerji Tüketimi,2025 Wh,Info
2025-12-21 05:01:41,CSMS,Şarj Başlatma,Transaction ID: 203,Success
2025-12-21 05:01:42,CSMS,Şarj Başlatma,Transaction ID: 199,Success
2025-12-21 05:01:43,CSMS,Şarj Başlatma,Transaction ID: 187,Success
2025-12-21 05:01:46,CSMS,Şarj Başlatma,Transaction ID: 169,Success
2025-12-21 05:01:47,CSMS,Şarj Başlatma,Transaction ID: 247,Success
2025-12-21 05:01:47,CSMS,Şarj Başlatma,Transaction ID: 261,Success
2025-12-21 05:01:48,CSMS,Şarj Başlatma,Transaction ID: 177,Success
2025-12-21 05:01:48,CSMS,Şarj Başlatma,Transaction ID: 204,Success
2025-12-21 05:01:48,CSMS,Enerji Tüketimi,2025 Wh,Info
2025-12-21 05:01:49,CSMS,Şarj Başlatma,Transaction ID: 200,Success
2025-12-21 05:01:50,CSMS,Şarj Başlatma,Transaction ID: 188,Success
2025-12-21 05:01:53,CSMS,Şarj Başlatma,Transaction ID: 170,Success
2025-12-21 05:01:54,CSMS,Şarj Başlatma,Transaction ID: 248,Success
2025-12-21 05:01:54,CSMS,Şarj Başlatma,Transaction ID: 262,Success
2025-12-21 05:01:55,CSMS,Şarj Başlatma,Transaction ID: 178,Success
2025-12-21 05:01:55,CSMS,Şarj Başlatma,Transaction ID: 205,Success
2025-12-21 05:01:55,CSMS,Enerji Tüketimi,2025 Wh,Info
2025-12-21 05:01:56,CSMS,Şarj Başlatma,Transaction ID: 201,Success
2025-12-21 05:01:57,CSMS,Şarj Başlatma,Transaction ID: 189,Success
2025-12-21 05:02:00,CSMS,Şarj Başlatma,Transaction ID: 171,Success
2025-12-21 05:02:01,CSMS,Şarj Başlatma,Transaction ID: 249,Success
2025-12-21 05:02:01,CSMS,Şarj Başlatma,Transaction ID: 263,Success
2025-12-21 05:02:02,CSMS,Şarj Başlatma,Transaction ID: 179,Success
2025-12-21 05:02:02,CSMS,Şarj Başlatma,Transaction ID: 206,Success
2025-12-21 05:02:02,CSMS,Enerji Tüketimi,2025 Wh,Info
2025-12-21 05:02:03,CSMS,Şarj Başlatma,Transaction ID: 202,Success
2025-12-21 05:02:04,CSMS,Şarj Başlatma,Transaction ID: 190,Success
2025-12-21 05:02:07,CSMS,Şarj Başlatma,Transaction ID: 172,Success
2025-12-21 05:02:08,CSMS,Şarj Başlatma,Transaction ID: 250,Success
2025-12-21 05:02:08,CSMS,Şarj Başlatma,Transaction ID: 264,Success
2025-12-21 05:02:09,CSMS,Şarj Başlatma,Transaction ID: 180,Success
2025-12-21 05:02:09,CSMS,Şarj Başlatma,Transaction ID: 207,Success
2025-12-21 05:02:09,CSMS,Enerji Tüketimi,2025 Wh,Info
2025-12-21 05:02:10,CSMS,Şarj Başlatma,Transaction ID: 203,Success
2025-12-21 05:02:11,CSMS,Şarj Başlatma,Transaction ID: 191,Success
2025-12-21 05:02:14,CSMS,Şarj Başlatma,Transaction ID: 173,Success
2025-12-21 05:02:15,CSMS,Şarj Başlatma,Transaction ID: 251,Success
2025-12-21 05:02:15,CSMS,Şarj Başlatma,Transaction ID: 265,Success
2025-12-21 05:02:16,CSMS,Şarj Başlatma,Transaction ID: 181,Success
2025-12-21 05:02:16,CSMS,Şarj Başlatma,Transaction ID: 208,Success
2025-12-21 05:02:16,CSMS,Enerji Tüketimi,2025 Wh,Info
2025-12-21 05:02:17,CSMS,Şarj Başlatma,Transaction ID: 204,Success
2025-12-21 05:02:18,CSMS,Şarj Başlatma,Transaction ID: 192,Success
2025-12-21 05:02:21,CSMS,Şarj Başlatma,Transaction ID: 174,Success
2025-12-21 05:02:22,CSMS,Şarj Başlatma,Transaction ID: 252,Success
2025-12-21 05:02:22,CSMS,Şarj Başlatma,Transaction ID: 266,Success
2025-12-21 05:02:23,CSMS,Şarj Başlatma,Transaction ID: 182,Success
2025-12-21 05:02:23,CSMS,Şarj Başlatma,Transaction ID: 209,Success
2025-12-21 05:02:23,CSMS,Enerji Tüketimi,2025 Wh,Info
2025-12-21 05:02:24,CSMS,Şarj Başlatma,Transaction ID: 205,Success
2025-12-21 05:02:25,CSMS,Şarj Başlatma,Transaction ID: 193,Success
2025-12-21 05:02:28,CSMS,Şarj Başlatma,Transaction ID: 175,Success
2025-12-21 05:02:29,CSMS,Şarj Başlatma,Transaction ID: 253,Success
2025-12-21 05:02:29,CSMS,Şarj Başlatma,Transaction ID: 267,Success
2025-12-21 05:02:30,CSMS,Şarj Başlatma,Transaction ID: 183,Success
2025-12-21 05:02:30,CSMS,Şarj Başlatma,Transaction ID: 210,Success
2025-12-21 05:02:30,CSMS,Enerji Tüketimi,2025 Wh,Info
2025-12-21 05:02:31,CSMS,Şarj Başlatma,Transaction ID: 206,Success
2025-12-21 05:02:32,CSMS,Şarj Başlatma,Transaction ID: 194,Success
2025-12-21 05:02:35,CSMS,Şarj Başlatma,Transaction ID: 176,Success
2025-12-21 05:02:36,CSMS,Şarj Başlatma,Transaction ID: 254,Success
2025-12-21 05:02:36,CSMS,Şarj Başlatma,Transaction ID: 268,Success
2025-12-21 05:02:37,CSMS,Şarj Başlatma,Transaction ID: 184,Success
2025-12-21 05:02:37,CSMS,Şarj Başlatma,Transaction ID: 211,Success
2025-12-21 05:02:37,CSMS,Enerji Tüketimi,2025 Wh,Info
2025-12-21 05:02:38,CSMS,Şarj Başlatma,Transaction ID: 207,Success
2025-12-21 05:02:39,CSMS,Şarj Başlatma,Transaction ID: 195,Success
2025-12-21 05:02:42,CSMS,Şarj Başlatma,Transaction ID: 177,Success
2025-12-21 05:02:43,CSMS,Şarj Başlatma,Transaction ID: 255,Success
2025-12-21 05:02:43,CSMS,Şarj Başlatma,Transaction ID: 269,Success
2025-12-21 05:02:44,CSMS,Şarj Başlatma,Transaction ID: 185,Success
2025-12-21 05:02:44,CSMS,Şarj Başlatma,Transaction ID: 212,Success
2025-12-21 05:02:44,CSMS,Enerji Tüketimi,2025 Wh,Info
2025-12-21 05:02:45,CSMS,Şarj Başlatma,Transaction ID: 208,Success
2025-12-21 05:02:46,CSMS,Şarj Başlatma,Transaction ID: 196,Success
2025-12-21 05:02:49,CSMS,Şarj Başlatma,Transaction ID: 178,Success
2025-12-21 05:02:50,CSMS,Şarj Başlatma,Transaction ID: 256,Success
2025-12-21 05:02:50,CSMS,Şarj Başlatma,Transaction ID: 270,Success
2025-12-21 05:02:51,CSMS,Şarj Başlatma,Transaction ID: 186,Success
2025-12-21 05:02:51,CSMS,Şarj Başlatma,Transaction ID: 213,Success
2025-12-21 05:02:51,CSMS,Enerji Tüketimi,2025 Wh,Info
2025-12-21 05:02:52,CSMS,Şarj Başlatma,Transaction ID: 209,Success
2025-12-21 05:02:53,CSMS,Şarj Başlatma,Transaction ID: 197,Success
2025-12-21 05:02:56,CSMS,Şarj Başlatma,Transaction ID: 179,Success
2025-12-21 05:02:57,CSMS,Şarj Başlatma,Transaction ID: 257,Success
2025-12-21 05:02:57,CSMS,Şarj Başlatma,Transaction ID: 271,Success
2025-12-21 05:02:58,CSMS,Şarj Başlatma,Transaction ID: 187,Success
2025-12-21 05:02:58,CSMS,Şarj Başlatma,Transaction ID: 214,Success
2025-12-21 05:02:58,CSMS,Enerji Tüketimi,2025 Wh,Info
2025-12-21 05:02:59,CSMS,Şarj Başlatma,Transaction ID: 210,Success
2025-12-21 05:03:00,CSMS,Şarj Başlatma,Transaction ID: 198,Success
2025-12-21 05:03:03,CSMS,Şarj Başlatma,Transaction ID: 180,Success
2025-12-21 05:03:04,CSMS,Şarj Başlatma,Transaction ID: 258,Success
2025-12-21 05:03:04,CSMS,Şarj Başlatma,Transaction ID: 272,Success
2025-12-21 05:03:05,CSMS,Şarj Başlatma,Transaction ID: 188,Success
2025-12-21 05:03:05,CSMS,Şarj Başlatma,Transaction ID: 215,Success
2025-12-21 05:03:05,CSMS,Enerji Tüketimi,2025 Wh,Info
2025-12-21 05:03:06,CSMS,Şarj Başlatma,Transaction ID: 211,Success
2025-12-21 05:03:07,CSMS,Şarj Başlatma,Transaction ID: 199,Success
2025-12-21 05:03:10,CSMS,Şarj Başlatma,Transaction ID: 181,Success
2025-12-21 05:03:11,CSMS,Şarj Başlatma,Transaction ID: 259,Success
2025-12-21 05:03:11,CSMS,Şarj Başlatma,Transaction ID: 273,Success
2025-12-21 05:03:12,CSMS,Şarj Başlatma,Transaction ID: 189,Success
2025-12-21 05:03:12,CSMS,Şarj Başlatma,Transaction ID: 216,Success
2025-12-21 05:03:12,CSMS,Enerji Tüketimi,2025 Wh,Info
2025-12-21 05:03:13,CSMS,Şarj Başlatma,Transaction ID: 212,Success
2025-12-21 05:03:14,CSMS,Şarj Başlatma,Transaction ID: 200,Success
2025-12-21 05:03:17,CSMS,Şarj Başlatma,Transaction ID: 182,Success
2025-12-21 05:03:18,CSMS,Şarj Başlatma,Transaction ID: 260,Success
2025-12-21 05:03:18,CSMS,Şarj Başlatma,Transaction ID: 274,Success
2025-12-21 05:03:19,CSMS,Şarj Başlatma,Transaction ID: 190,Success
2025-12-21 05:03:19,CSMS,Şarj Başlatma,Transaction ID: 217,Success
2025-12-21 05:03:19,CSMS,Enerji Tüketimi,2025 Wh,Info
2025-12-21 05:03:20,CSMS,Şarj Başlatma,Transaction ID: 213,Success
2025-12-21 05:03:21,CSMS,Şarj Başlatma,Transaction ID: 201,Success
2025-12-21 05:03:24,CSMS,Şarj Başlatma,Transaction ID: 183,Success
2025-12-21 05:03:25,CSMS,Şarj Başlatma,Transaction ID: 261,Success
2025-12-21 05:03:25,CSMS,Şarj Başlatma,Transaction ID: 275,Success
2025-12-21 05:03:26,CSMS,Şarj Başlatma,Transaction ID: 191,Success
2025-12-21 05:03:26,CSMS,Şarj Başlatma,Transaction ID: 218,Success
2025-12-21 05:03:26,CSMS,Enerji Tüketimi,2025 Wh,Info
2025-12-21 05:03:27,CSMS,Şarj Başlatma,Transaction ID: 214,Success
2025-12-21 05:03:28,CSMS,Şarj Başlatma,Transaction ID: 202,Success
2025-12-21 05:03:31,CSMS,Şarj Başlatma,Transaction ID: 184,Success
2025-12-21 05:03:32,CSMS,Şarj Başlatma,Transaction ID: 262,Success
2025-12-21 05:03:32,CSMS,Şarj Başlatma,Transaction ID: 276,Success
2025-12-21 05:03:33,CSMS,Şarj Başlatma,Transaction ID: 192,Success
2025-12-21 05:03:33,CSMS,Şarj Başlatma,Transaction ID: 219,Success
2025-12-21 05:03:33,CSMS,Enerji Tüketimi,2025 Wh,Info
2025-12-21 05:03:34,CSMS,Şarj Başlatma,Transaction ID: 215,Success
2025-12-21 05:03:35,CSMS,Şarj Başlatma,Transaction ID: 203,Success
2025-12-21 05:03:38,CSMS,Şarj Başlatma,Transaction ID: 185,Success
2025-12-21 05:03:39,CSMS,Şarj Başlatma,Transaction ID: 263,Success
2025-12-21 05:03:39,CSMS,Şarj Başlatma,Transaction ID: 277,Success
2025-12-21 05:03:40,CSMS,Şarj Başlatma,Transaction ID: 193,Success
2025-12-21 05:03:40,CSMS,Şarj Başlatma,Transaction ID: 220,Success
2025-12-21 05:03:40,CSMS,Enerji Tüketimi,2025 Wh,Info
2025-12-21 05:03:41,CSMS,Şarj Başlatma,Transaction ID: 216,Success
2025-12-21 05:03:42,CSMS,Şarj Başlatma,Transaction ID: 204,Success
2025-12-21 05:03:45,CSMS,Şarj Başlatma,Transaction ID: 186,Success
2025-12-21 05:03:46,CSMS,Şarj Başlatma,Transaction ID: 264,Success
2025-12-21 05:03:46,CSMS,Şarj Başlatma,Transaction ID: 278,Success
2025-12-21 05:03:47,CSMS,Şarj Başlatma,Transaction ID: 194,Success
2025-12-21 05:03:47,CSMS,Şarj Başlatma,Transaction ID: 221,Success
2025-12-21 05:03:47,CSMS,Enerji Tüketimi,2025 Wh,Info
2025-12-21 05:03:48,CSMS,Şarj Başlatma,Transaction ID: 217,Success
2025-12-21 05:03:49,CSMS,Şarj Başlatma,Transaction ID: 205,Success
2025-12-21 05:03:52,CSMS,Şarj Başlatma,Transaction ID: 187,Success
2025-12-21 05:03:53,CSMS,Şarj Başlatma,Transaction ID: 265,Success
2025-12-21 05:03:53,CSMS,Şarj Başlatma,Transaction ID: 279,Success
2025-12-21 05:03:54,CSMS,Şarj Başlatma,Transaction ID: 195,Success
2025-12-21 05:03:54,CSMS,Şarj Başlatma,Transaction ID: 222,Success
2025-12-21 05:03:54,CSMS,Enerji Tüketimi,2025 Wh,Info
2025-12-21 05:03:55,CSMS,Şarj Başlatma,Transaction ID: 218,Success
2025-12-21 05:03:56,CSMS,Şarj Başlatma,Transaction ID: 206,Success
2025-12-21 05:03:59,CSMS,Şarj Başlatma,Transaction ID: 188,Success
2025-12-21 05:04:00,CSMS,Şarj Başlatma,Transaction ID: 266,Success
2025-12-21 05:04:01,CSMS,Şarj Başlatma,Transaction ID: 280,Success
2025-12-21 05:04:01,CSMS,Şarj Başlatma,Transaction ID: 196,Success
2025-12-21 05:04:01,CSMS,Şarj Başlatma,Transaction ID: 223,Success
2025-12-21 05:04:01,CSMS,Enerji Tüketimi,2025 Wh,Info
2025-12-21 05:04:02,CSMS,Şarj Başlatma,Transaction ID: 219,Success
2025-12-21 05:04:03,CSMS,Şarj Başlatma,Transaction ID: 207,Success
2025-12-21 05:04:06,CSMS,Şarj Başlatma,Transaction ID: 189,Success
2025-12-21 05:04:07,CSMS,Şarj Başlatma,Transaction ID: 267,Success
2025-12-21 05:04:08,CSMS,Şarj Başlatma,Transaction ID: 281,Success
2025-12-21 05:04:08,CSMS,Şarj Başlatma,Transaction ID: 197,Success
2025-12-21 05:04:08,CSMS,Şarj Başlatma,Transaction ID: 224,Success
2025-12-21 05:04:08,CSMS,Enerji Tüketimi,2025 Wh,Info
2025-12-21 05:04:10,CSMS,Şarj Başlatma,Transaction ID: 220,Success
2025-12-21 05:04:10,CSMS,Şarj Başlatma,Transaction ID: 208,Success
2025-12-21 05:04:13,CSMS,Şarj Başlatma,Transaction ID: 190,Success
2025-12-21 05:04:14,CSMS,Şarj Başlatma,Transaction ID: 268,Success
2025-12-21 04:43:03,CP,Boot,Sisteme Kabul Edildi,Success
2025-12-21 04:43:04,CP,Köprüleme,OCPP -> CAN Mesajı İletildi,Info
2025-12-21 04:43:11,CP,Köprüleme,OCPP -> CAN Mesajı İletildi,Info
2025-12-21 04:43:18,CP,Köprüleme,OCPP -> CAN Mesajı İletildi,Info
2025-12-21 04:43:25,CP,Köprüleme,OCPP -> CAN Mesajı İletildi,Info
2025-12-21 04:43:32,CP,Köprüleme,OCPP -> CAN Mesajı İletildi,Info
2025-12-21 04:43:39,CP,Köprüleme,OCPP -> CAN Mesajı İletildi,Info
2025-12-21 04:43:46,CP,Köprüleme,OCPP -> CAN Mesajı İletildi,Info
2025-12-21 04:43:53,CP,Köprüleme,OCPP -> CAN Mesajı İletildi,Info
2025-12-21 04:44:00,CP,Köprüleme,OCPP -> CAN Mesajı İletildi,Info
2025-12-21 04:44:07,CP,Köprüleme,OCPP -> CAN Mesajı İletildi,Info
2025-12-21 04:44:14,CP,Köprüleme,OCPP -> CAN Mesajı İletildi,Info
2025-12-21 04:44:21,CP,Köprüleme,OCPP -> CAN Mesajı İletildi,Info
2025-12-21 04:44:28,CP,Köprüleme,OCPP -> CAN Mesajı İletildi,Info
2025-12-21 04:44:35,CP,Köprüleme,OCPP -> CAN Mesajı İletildi,Info
2025-12-21 04:44:42,CP,Köprüleme,OCPP -> CAN Mesajı İletildi,Info
2025-12-21 04:44:49,CP,Köprüleme,OCPP -> CAN Mesajı İletildi,Info
2025-12-21 04:44:56,CP,Köprüleme,OCPP -> CAN Mesajı İletildi,Info
2025-12-21 04:45:03,CP,Köprüleme,OCPP -> CAN Mesajı İletildi,Info
2025-12-21 04:45:10,CP,Köprüleme,OCPP -> CAN Mesajı İletildi,Info
2025-12-21 04:45:17,CP,Köprüleme,OCPP -> CAN Mesajı İletildi,Info
2025-12-21 04:45:24,CP,Köprüleme,OCPP -> CAN Mesajı İletildi,Info
2025-12-21 04:45:31,CP,Köprüleme,OCPP -> CAN Mesajı İletildi,Info
2025-12-21 04:45:38,CP,Köprüleme,OCPP -> CAN Mesajı İletildi,Info
2025-12-21 04:45:45,CP,Köprüleme,OCPP -> CAN Mesajı İletildi,Info
2025-12-21 04:45:52,CP,Köprüleme,OCPP -> CAN Mesajı İletildi,Info
2025-12-21 04:45:59,CP,Köprüleme,OCPP -> CAN Mesajı İletildi,Info
2025-12-21 04:46:07,CP,Köprüleme,OCPP -> CAN Mesajı İletildi,Info
2025-12-21 04:46:14,CP,Köprüleme,OCPP -> CAN Mesajı İletildi,Info
2025-12-21 04:46:21,CP,Köprüleme,OCPP -> CAN Mesajı İletildi,Info
2025-12-21 04:46:28,CP,Köprüleme,OCPP -> CAN Mesajı İletildi,Info
2025-12-21 04:46:35,CP,Köprüleme,OCPP -> CAN Mesajı İletildi,Info
2025-12-21 04:46:42,CP,Köprüleme,OCPP -> CAN Mesajı İletildi,Info
2025-12-21 04:46:49,CP,Köprüleme,OCPP -> CAN Mesajı İletildi,Info
2025-12-21 04:46:56,CP,Köprüleme,OCPP -> CAN Mesajı İletildi,Info
2025-12-21 04:47:03,CP,Köprüleme,OCPP -> CAN Mesajı İletildi,Info
2025-12-21 04:47:10,CP,Köprüleme,OCPP -> CAN Mesajı İletildi,Info
2025-12-21 04:47:17,CP,Köprüleme,OCPP -> CAN Mesajı İletildi,Info
2025-12-21 04:47:24,CP,Köprüleme,OCPP -> CAN Mesajı İletildi,Info
2025-12-21 04:47:31,CP,Köprüleme,OCPP -> CAN Mesajı İletildi,Info
2025-12-21 04:47:38,CP,Köprüleme,OCPP -> CAN Mesajı İletildi,Info
2025-12-21 04:47:45,CP,Köprüleme,OCPP -> CAN Mesajı İletildi,Info
2025-12-21 04:47:52,CP,Köprüleme,OCPP -> CAN Mesajı İletildi,Info
2025-12-21 04:47:59,CP,Köprüleme,OCPP -> CAN Mesajı İletildi,Info
2025-12-21 04:48:06,CP,Köprüleme,OCPP -> CAN Mesajı İletildi,Info
2025-12-21 04:48:13,CP,Köprüleme,OCPP -> CAN Mesajı İletildi,Info
2025-12-21 04:48:20,CP,Köprüleme,OCPP -> CAN Mesajı İletildi,Info
2025-12-21 04:48:27,CP,Köprüleme,OCPP -> CAN Mesajı İletildi,Info
2025-12-21 04:48:34,CP,Köprüleme,OCPP -> CAN Mesajı İletildi,Info
2025-12-21 04:48:41,CP,Köprüleme,OCPP -> CAN Mesajı İletildi,Info
2025-12-21 04:48:48,CP,Köprüleme,OCPP -> CAN Mesajı İletildi,Info
2025-12-21 04:48:55,CP,Köprüleme,OCPP -> CAN Mesajı İletildi,Info
2025-12-21 04:49:02,CP,Köprüleme,OCPP -> CAN Mesajı İletildi,Info
2025-12-21 04:49:09,CP,Köprüleme,OCPP -> CAN Mesajı İletildi,Info
2025-12-21 04:49:16,CP,Köprüleme,OCPP -> CAN Mesajı İletildi,Info
2025-12-21 04:49:23,CP,Köprüleme,OCPP -> CAN Mesajı İletildi,Info
2025-12-21 04:49:30,CP,Köprüleme,OCPP -> CAN Mesajı İletildi,Info
2025-12-21 04:49:37,CP,Köprüleme,OCPP -> CAN Mesajı İletildi,Info
2025-12-21 04:49:44,CP,Köprüleme,OCPP -> CAN Mesajı İletildi,Info
2025-12-21 04:49:51,CP,Köprüleme,OCPP -> CAN Mesajı İletildi,Info
2025-12-21 04:49:58,CP,Köprüleme,OCPP -> CAN Mesajı İletildi,Info
2025-12-21 04:50:05,CP,Köprüleme,OCPP -> CAN Mesajı İletildi,Info
2025-12-21 04:50:12,CP,Köprüleme,OCPP -> CAN Mesajı İletildi,Info
2025-12-21 04:50:19,CP,Köprüleme,OCPP -> CAN Mesajı İletildi,Info
2025-12-21 04:50:26,CP,Köprüleme,OCPP -> CAN Mesajı İletildi,Info
2025-12-21 04:50:33,CP,Köprüleme,OCPP -> CAN Mesajı İletildi,Info
2025-12-21 04:50:40,CP,Köprüleme,OCPP -> CAN Mesajı İletildi,Info
2025-12-21 04:50:47,CP,Köprüleme,OCPP -> CAN Mesajı İletildi,Info
2025-12-21 04:50:55,CP,Köprüleme,OCPP -> CAN Mesajı İletildi,Info
2025-12-21 04:51:02,CP,Köprüleme,OCPP -> CAN Mesajı İletildi,Info
2025-12-21 04:51:09,CP,Köprüleme,OCPP -> CAN Mesajı İletildi,Info
2025-12-21 04:51:16,CP,Köprüleme,OCPP -> CAN Mesajı İletildi,Info
2025-12-21 04:51:23,CP,Köprüleme,OCPP -> CAN Mesajı İletildi,Info
2025-12-21 04:51:30,CP,Köprüleme,OCPP -> CAN Mesajı İletildi,Info
2025-12-21 04:51:37,CP,Köprüleme,OCPP -> CAN Mesajı İletildi,Info
2025-12-21 04:51:44,CP,Köprüleme,OCPP -> CAN Mesajı İletildi,Info
2025-12-21 04:51:51,CP,Köprüleme,OCPP -> CAN Mesajı İletildi,Info
2025-12-21 04:51:58,CP,Köprüleme,OCPP -> CAN Mesajı İletildi,Info
2025-12-21 04:52:05,CP,Köprüleme,OCPP -> CAN Mesajı İletildi,Info
2025-12-21 04:52:12,CP,Köprüleme,OCPP -> CAN Mesajı İletildi,Info
2025-12-21 04:52:19,CP,Köprüleme,OCPP -> CAN Mesajı İletildi,Info
2025-12-21 04:52:26,CP,Köprüleme,OCPP -> CAN Mesajı İletildi,Info
2025-12-21 04:52:33,CP,Köprüleme,OCPP -> CAN Mesajı İletildi,Info
2025-12-21 04:52:40,CP,Köprüleme,OCPP -> CAN Mesajı İletildi,Info
2025-12-21 04:52:47,CP,Köprüleme,OCPP -> CAN Mesajı İletildi,Info
2025-12-21 04:52:54,CP,Köprüleme,OCPP -> CAN Mesajı İletildi,Info
2025-12-21 04:53:01,CP,Köprüleme,OCPP -> CAN Mesajı İletildi,Info
2025-12-21 04:53:08,CP,Köprüleme,OCPP -> CAN Mesajı İletildi,Info
2025-12-21 04:53:15,CP,Köprüleme,OCPP -> CAN Mesajı İletildi,Info
2025-12-21 04:53:22,CP,Köprüleme,OCPP -> CAN Mesajı İletildi,Info
2025-12-21 04:53:29,CP,Köprüleme,OCPP -> CAN Mesajı İletildi,Info
2025-12-21 04:53:36,CP,Köprüleme,OCPP -> CAN Mesajı İletildi,Info
2025-12-21 04:53:43,CP,Köprüleme,OCPP -> CAN Mesajı İletildi,Info
2025-12-21 04:53:50,CP,Köprüleme,OCPP -> CAN Mesajı İletildi,Info
2025-12-21 04:53:57,CP,Köprüleme,OCPP -> CAN Mesajı İletildi,Info
2025-12-21 04:54:04,CP,Köprüleme,OCPP -> CAN Mesajı İletildi,Info
2025-12-21 04:54:11,CP,Köprüleme,OCPP -> CAN Mesajı İletildi,Info
2025-12-21 04:54:18,CP,Köprüleme,OCPP -> CAN Mesajı İletildi,Info
2025-12-21 04:54:25,CP,Köprüleme,OCPP -> CAN Mesajı İletildi,Info
2025-12-21 04:54:32,CP,Köprüleme,OCPP -> CAN Mesajı İletildi,Info
2025-12-21 04:54:39,CP,Köprüleme,OCPP -> CAN Mesajı İletildi,Info
2025-12-21 04:54:46,CP,Köprüleme,OCPP -> CAN Mesajı İletildi,Info
2025-12-21 04:54:53,CP,Köprüleme,OCPP -> CAN Mesajı İletildi,Info
2025-12-21 04:55:00,CP,Köprüleme,OCPP -> CAN Mesajı İletildi,Info
2025-12-21 04:55:07,CP,Köprüleme,OCPP -> CAN Mesajı İletildi,Info
2025-12-21 04:55:14,CP,Köprüleme,OCPP -> CAN Mesajı İletildi,Info
2025-12-21 04:55:21,CP,Köprüleme,OCPP -> CAN Mesajı İletildi,Info
2025-12-21 04:55:28,CP,Köprüleme,OCPP -> CAN Mesajı İletildi,Info
2025-12-21 04:55:35,CP,Köprüleme,OCPP -> CAN Mesajı İletildi,Info
2025-12-21 04:55:42,CP,Köprüleme,OCPP -> CAN Mesajı İletildi,Info
2025-12-21 04:55:49,CP,Köprüleme,OCPP -> CAN Mesajı İletildi,Info
2025-12-21 04:55:56,CP,Köprüleme,OCPP -> CAN Mesajı İletildi,Info
2025-12-21 04:56:03,CP,Köprüleme,OCPP -> CAN Mesajı İletildi,Info
2025-12-21 04:56:10,CP,Köprüleme,OCPP -> CAN Mesajı İletildi,Info
2025-12-21 04:56:17,CP,Köprüleme,OCPP -> CAN Mesajı İletildi,Info
2025-12-21 04:56:24,CP,Köprüleme,OCPP -> CAN Mesajı İletildi,Info
2025-12-21 04:56:31,CP,Köprüleme,OCPP -> CAN Mesajı İletildi,Info
2025-12-21 04:56:38,CP,Köprüleme,OCPP -> CAN Mesajı İletildi,Info
2025-12-21 04:56:45,CP,Köprüleme,OCPP -> CAN Mesajı İletildi,Info
2025-12-21 04:56:52,CP,Köprüleme,OCPP -> CAN Mesajı İletildi,Info
2025-12-21 04:56:59,CP,Köprüleme,OCPP -> CAN Mesajı İletildi,Info
2025-12-21 04:57:06,CP,Köprüleme,OCPP -> CAN Mesajı İletildi,Info
2025-12-21 04:57:13,CP,Köprüleme,OCPP -> CAN Mesajı İletildi,Info
2025-12-21 04:57:20,CP,Köprüleme,OCPP -> CAN Mesajı İletildi,Info
2025-12-21 04:57:28,CP,Köprüleme,OCPP -> CAN Mesajı İletildi,Info
2025-12-21 04:57:35,CP,Köprüleme,OCPP -> CAN Mesajı İletildi,Info
2025-12-21 04:57:42,CP,Köprüleme,OCPP -> CAN Mesajı İletildi,Info
2025-12-21 04:57:49,CP,Köprüleme,OCPP -> CAN Mesajı İletildi,Info
2025-12-21 04:57:56,CP,Köprüleme,OCPP -> CAN Mesajı İletildi,Info
2025-12-21 04:58:03,CP,Köprüleme,OCPP -> CAN Mesajı İletildi,Info
2025-12-21 04:58:10,CP,Köprüleme,OCPP -> CAN Mesajı İletildi,Info
2025-12-21 04:58:17,CP,Köprüleme,OCPP -> CAN Mesajı İletildi,Info
2025-12-21 04:58:24,CP,Köprüleme,OCPP -> CAN Mesajı İletildi,Info
2025-12-21 04:58:31,CP,Köprüleme,OCPP -> CAN Mesajı İletildi,Info
2025-12-21 04:58:38,CP,Köprüleme,OCPP -> CAN Mesajı İletildi,Info
2025-12-21 04:58:45,CP,Köprüleme,OCPP -> CAN Mesajı İletildi,Info
2025-12-21 04:58:52,CP,Köprüleme,OCPP -> CAN Mesajı İletildi,Info
2025-12-21 04:58:59,CP,Köprüleme,OCPP -> CAN Mesajı İletildi,Info
2025-12-21 04:59:06,CP,Köprüleme,OCPP -> CAN Mesajı İletildi,Info
2025-12-21 04:59:13,CP,Köprüleme,OCPP -> CAN Mesajı İletildi,Info
2025-12-21 04:59:20,CP,Köprüleme,OCPP -> CAN Mesajı İletildi,Info
2025-12-21 04:59:27,CP,Köprüleme,OCPP -> CAN Mesajı İletildi,Info
2025-12-21 04:59:34,CP,Köprüleme,OCPP -> CAN Mesajı İletildi,Info
2025-12-21 04:59:41,CP,Köprüleme,OCPP -> CAN Mesajı İletildi,Info
2025-12-21 04:59:48,CP,Köprüleme,OCPP -> CAN Mesajı İletildi,Info
2025-12-21 04:59:55,CP,Köprüleme,OCPP -> CAN Mesajı İletildi,Info
2025-12-21 05:00:02,CP,Köprüleme,OCPP -> CAN Mesajı İletildi,Info
2025-12-21 05:00:09,CP,Köprüleme,OCPP -> CAN Mesajı İletildi,Info
2025-12-21 05:00:16,CP,Köprüleme,OCPP -> CAN Mesajı İletildi,Info
2025-12-21 05:00:23,CP,Köprüleme,OCPP -> CAN Mesajı İletildi,Info
2025-12-21 05:00:30,CP,Köprüleme,OCPP -> CAN Mesajı İletildi,Info
2025-12-21 05:00:37,CP,Köprüleme,OCPP -> CAN Mesajı İletildi,Info
2025-12-21 05:00:44,CP,Köprüleme,OCPP -> CAN Mesajı İletildi,Info
2025-12-21 05:00:51,CP,Köprüleme,OCPP -> CAN Mesajı İletildi,Info
2025-12-21 05:00:58,CP,Köprüleme,OCPP -> CAN Mesajı İletildi,Info
2025-12-21 05:01:05,CP,Köprüleme,OCPP -> CAN Mesajı İletildi,Info
2025-12-21 05:01:12,CP,Köprüleme,OCPP -> CAN Mesajı İletildi,Info
2025-12-21 05:01:19,CP,Köprüleme,OCPP -> CAN Mesajı İletildi,Info
2025-12-21 05:01:26,CP,Köprüleme,OCPP -> CAN Mesajı İletildi,Info
2025-12-21 05:01:33,CP,Köprüleme,OCPP -> CAN Mesajı İletildi,Info
2025-12-21 05:01:40,CP,Köprüleme,OCPP -> CAN Mesajı İletildi,Info
2025-12-21 05:01:47,CP,Köprüleme,OCPP -> CAN Mesajı İletildi,Info
2025-12-21 05:01:54,CP,Köprüleme,OCPP -> CAN Mesajı İletildi,Info
2025-12-21 05:02:01,CP,Köprüleme,OCPP -> CAN Mesajı İletildi,Info
2025-12-21 05:02:08,CP,Köprüleme,OCPP -> CAN Mesajı İletildi,Info
2025-12-21 05:02:15,CP,Köprüleme,OCPP -> CAN Mesajı İletildi,Info
2025-12-21 05:02:22,CP,Köprüleme,OCPP -> CAN Mesajı İletildi,Info
2025-12-21 05:02:29,CP,Köprüleme,OCPP -> CAN Mesajı İletildi,Info
2025-12-21 05:02:36,CP,Köprüleme,OCPP -> CAN Mesajı İletildi,Info
2025-12-21 05:02:43,CP,Köprüleme,OCPP -> CAN Mesajı İletildi,Info
2025-12-21 05:02:50,CP,Köprüleme,OCPP -> CAN Mesajı İletildi,Info
2025-12-21 05:02:57,CP,Köprüleme,OCPP -> CAN Mesajı İletildi,Info
2025-12-21 05:03:04,CP,Köprüleme,OCPP -> CAN Mesajı İletildi,Info
2025-12-21 05:03:11,CP,Köprüleme,OCPP -> CAN Mesajı İletildi,Info
2025-12-21 05:03:18,CP,Köprüleme,OCPP -> CAN Mesajı İletildi,Info
2025-12-21 05:03:25,CP,Köprüleme,OCPP -> CAN Mesajı İletildi,Info
2025-12-21 05:03:32,CP,Köprüleme,OCPP -> CAN Mesajı İletildi,Info
2025-12-21 05:03:39,CP,Köprüleme,OCPP -> CAN Mesajı İletildi,Info
2025-12-21 05:03:46,CP,Köprüleme,OCPP -> CAN Mesajı İletildi,Info
2025-12-21 05:03:53,CP,Köprüleme,OCPP -> CAN Mesajı İletildi,Info
2025-12-21 05:04:01,CP,Köprüleme,OCPP -> CAN Mesajı İletildi,Info
2025-12-21 05:04:08,CP,Köprüleme,OCPP -> CAN Mesajı İletildi,Info
2025-12-21 04:53:48,SALDIRGAN,Sızma,Ağa Bağlandı,Warning
2025-12-21 04:53:48,SALDIRGAN,Saldırı,Sahte Veri Paketi Gönderildi,High
